date,geomagnetic_storm,c_flare_count,m_flare_count,x_flare_count,high_speed_stream_count,c_flare_count_lag_1,m_flare_count_lag_1,x_flare_count_lag_1,high_speed_stream_count_lag_1,c_flare_count_lag_2,m_flare_count_lag_2,x_flare_count_lag_2,high_speed_stream_count_lag_2,c_flare_count_lag_3,m_flare_count_lag_3,x_flare_count_lag_3,high_speed_stream_count_lag_3,m_flare_3d,x_flare_3d,c_flare_3d,hss_3d,year,month,day_of_year
2023-07-11,0,0,7,0,0,0,0,0,0,0,0,0,0,0,0,0,0,0.0,0.0,0.0,0.0,2023,7,192
2023-07-12,0,0,4,0,0,0,7,0,0,0,0,0,0,0,0,0,0,0.0,0.0,0.0,0.0,2023,7,193
2023-07-13,0,0,1,0,0,0,4,0,0,0,7,0,0,0,0,0,0,0.0,0.0,0.0,0.0,2023,7,194
2023-07-14,0,1,1,0,0,0,1,0,0,0,4,0,0,0,7,0,0,12.0,0.0,0.0,0.0,2023,7,195
2023-07-15,0,1,3,0,0,1,1,0,0,0,1,0,0,0,4,0,0,6.0,0.0,1.0,0.0,2023,7,196
2023-07-16,0,1,3,0,0,1,3,0,0,1,1,0,0,0,1,0,0,5.0,0.0,2.0,0.0,2023,7,197
2023-07-17,0,0,3,0,0,1,3,0,0,1,3,0,0,1,1,0,0,7.0,0.0,3.0,0.0,2023,7,198
2023-07-18,0,0,4,0,0,0,3,0,0,1,3,0,0,1,3,0,0,9.0,0.0,2.0,0.0,2023,7,199
2023-07-19,0,0,2,0,0,0,4,0,0,0,3,0,0,1,3,0,0,10.0,0.0,1.0,0.0,2023,7,200
2023-07-20,0,0,0,0,0,0,2,0,0,0,4,0,0,0,3,0,0,9.0,0.0,0.0,0.0,2023,7,201
2023-07-21,0,0,0,0,0,0,0,0,0,0,2,0,0,0,4,0,0,6.0,0.0,0.0,0.0,2023,7,202
2023-07-22,0,0,2,0,0,0,0,0,0,0,0,0,0,0,2,0,0,2.0,0.0,0.0,0.0,2023,7,203
2023-07-23,0,1,0,0,0,0,2,0,0,0,0,0,0,0,0,0,0,2.0,0.0,0.0,0.0,2023,7,204
2023-07-24,0,0,0,0,0,1,0,0,0,0,2,0,0,0,0,0,0,2.0,0.0,1.0,0.0,2023,7,205
2023-07-25,0,0,2,0,0,0,0,0,0,1,0,0,0,0,2,0,0,2.0,0.0,1.0,0.0,2023,7,206
2023-07-26,0,0,4,0,0,0,2,0,0,0,0,0,0,1,0,0,0,2.0,0.0,1.0,0.0,2023,7,207
2023-07-27,0,0,2,0,0,0,4,0,0,0,2,0,0,0,0,0,0,6.0,0.0,0.0,0.0,2023,7,208
2023-07-28,0,0,1,0,0,0,2,0,0,0,4,0,0,0,2,0,0,8.0,0.0,0.0,0.0,2023,7,209
2023-07-29,0,1,1,0,1,0,1,0,0,0,2,0,0,0,4,0,0,7.0,0.0,0.0,0.0,2023,7,210
2023-07-30,0,0,2,0,0,1,1,0,1,0,1,0,0,0,2,0,0,4.0,0.0,1.0,1.0,2023,7,211
2023-07-31,0,0,1,0,0,0,2,0,0,1,1,0,1,0,1,0,0,4.0,0.0,1.0,1.0,2023,7,212
2023-08-01,0,1,8,0,0,0,1,0,0,0,2,0,0,1,1,0,1,4.0,0.0,1.0,1.0,2023,8,213
2023-08-02,0,0,5,0,0,1,8,0,0,0,1,0,0,0,2,0,0,11.0,0.0,1.0,0.0,2023,8,214
2023-08-03,0,0,1,0,0,0,5,0,0,1,8,0,0,0,1,0,0,14.0,0.0,1.0,0.0,2023,8,215
2023-08-04,0,0,1,0,0,0,1,0,0,0,5,0,0,1,8,0,0,14.0,0.0,1.0,0.0,2023,8,216
2023-08-05,1,0,2,1,0,0,1,0,0,0,1,0,0,0,5,0,0,7.0,0.0,0.0,0.0,2023,8,217
2023-08-06,0,0,1,0,0,0,2,1,0,0,1,0,0,0,1,0,0,4.0,1.0,0.0,0.0,2023,8,218
2023-08-07,0,0,4,1,0,0,1,0,0,0,2,1,0,0,1,0,0,4.0,1.0,0.0,0.0,2023,8,219
2023-08-08,0,0,1,0,0,0,4,1,0,0,1,0,0,0,2,1,0,7.0,2.0,0.0,0.0,2023,8,220
2023-08-09,0,0,0,0,0,0,1,0,0,0,4,1,0,0,1,0,0,6.0,1.0,0.0,0.0,2023,8,221
2023-08-10,0,1,0,0,1,0,0,0,0,0,1,0,0,0,4,1,0,5.0,1.0,0.0,0.0,2023,8,222
2023-08-11,0,0,0,0,0,1,0,0,1,0,0,0,0,0,1,0,0,1.0,0.0,1.0,1.0,2023,8,223
2023-08-12,0,0,1,0,0,0,0,0,0,1,0,0,1,0,0,0,0,0.0,0.0,1.0,1.0,2023,8,224
2023-08-13,0,0,0,0,0,0,1,0,0,0,0,0,0,1,0,0,1,1.0,0.0,1.0,1.0,2023,8,225
2023-08-14,0,1,0,0,0,0,0,0,0,0,1,0,0,0,0,0,0,1.0,0.0,0.0,0.0,2023,8,226
2023-08-15,0,0,0,0,0,1,0,0,0,0,0,0,0,0,1,0,0,1.0,0.0,1.0,0.0,2023,8,227
2023-08-16,0,0,0,0,0,0,0,0,0,1,0,0,0,0,0,0,0,0.0,0.0,1.0,0.0,2023,8,228
2023-08-17,0,3,0,0,0,0,0,0,0,0,0,0,0,1,0,0,0,0.0,0.0,1.0,0.0,2023,8,229
2023-08-18,0,3,0,0,1,3,0,0,0,0,0,0,0,0,0,0,0,0.0,0.0,3.0,0.0,2023,8,230
2023-08-19,0,0,0,0,1,3,0,0,1,3,0,0,0,0,0,0,0,0.0,0.0,6.0,1.0,2023,8,231
2023-08-20,0,0,0,0,0,0,0,0,1,3,0,0,1,3,0,0,0,0.0,0.0,6.0,2.0,2023,8,232
2023-08-21,0,2,0,0,0,0,0,0,0,0,0,0,1,3,0,0,1,0.0,0.0,3.0,2.0,2023,8,233
2023-08-22,0,0,1,0,0,2,0,0,0,0,0,0,0,0,0,0,1,0.0,0.0,2.0,1.0,2023,8,234
2023-08-23,0,0,0,0,0,0,1,0,0,2,0,0,0,0,0,0,0,1.0,0.0,2.0,0.0,2023,8,235
2023-08-24,0,2,0,0,0,0,0,0,0,0,1,0,0,2,0,0,0,1.0,0.0,2.0,0.0,2023,8,236
2023-08-25,0,1,1,0,0,2,0,0,0,0,0,0,0,0,1,0,0,1.0,0.0,2.0,0.0,2023,8,237
2023-08-26,0,1,1,0,0,1,1,0,0,2,0,0,0,0,0,0,0,1.0,0.0,3.0,0.0,2023,8,238
2023-08-27,0,0,0,0,0,1,1,0,0,1,1,0,0,2,0,0,0,2.0,0.0,4.0,0.0,2023,8,239
2023-08-28,0,0,0,0,0,0,0,0,0,1,1,0,0,1,1,0,0,2.0,0.0,2.0,0.0,2023,8,240
2023-08-29,0,0,0,0,0,0,0,0,0,0,0,0,0,1,1,0,0,1.0,0.0,1.0,0.0,2023,8,241
2023-08-30,0,0,0,0,0,0,0,0,0,0,0,0,0,0,0,0,0,0.0,0.0,0.0,0.0,2023,8,242
2023-08-31,0,1,0,0,0,0,0,0,0,0,0,0,0,0,0,0,0,0.0,0.0,0.0,0.0,2023,8,243
2023-09-01,0,2,1,0,1,1,0,0,0,0,0,0,0,0,0,0,0,0.0,0.0,1.0,0.0,2023,9,244
2023-09-02,0,0,1,0,0,2,1,0,1,1,0,0,0,0,0,0,0,1.0,0.0,3.0,1.0,2023,9,245
2023-09-03,1,4,2,0,0,0,1,0,0,2,1,0,1,1,0,0,0,2.0,0.0,3.0,1.0,2023,9,246
2023-09-04,0,1,0,0,0,4,2,0,0,0,1,0,0,2,1,0,1,4.0,0.0,6.0,1.0,2023,9,247
2023-09-05,0,0,3,0,0,1,0,0,0,4,2,0,0,0,1,0,0,3.0,0.0,5.0,0.0,2023,9,248
2023-09-06,0,0,0,0,0,0,3,0,0,1,0,0,0,4,2,0,0,5.0,0.0,5.0,0.0,2023,9,249
2023-09-07,0,0,1,0,0,0,0,0,0,0,3,0,0,1,0,0,0,3.0,0.0,1.0,0.0,2023,9,250
2023-09-08,0,0,0,0,0,0,1,0,0,0,0,0,0,0,3,0,0,4.0,0.0,0.0,0.0,2023,9,251
2023-09-09,0,0,0,0,0,0,0,0,0,0,1,0,0,0,0,0,0,1.0,0.0,0.0,0.0,2023,9,252
2023-09-10,0,0,0,0,0,0,0,0,0,0,0,0,0,0,1,0,0,1.0,0.0,0.0,0.0,2023,9,253
2023-09-11,0,0,3,0,0,0,0,0,0,0,0,0,0,0,0,0,0,0.0,0.0,0.0,0.0,2023,9,254
2023-09-12,1,0,3,0,0,0,3,0,0,0,0,0,0,0,0,0,0,3.0,0.0,0.0,0.0,2023,9,255
2023-09-13,0,0,0,0,0,0,3,0,0,0,3,0,0,0,0,0,0,6.0,0.0,0.0,0.0,2023,9,256
2023-09-14,0,0,3,0,0,0,0,0,0,0,3,0,0,0,3,0,0,6.0,0.0,0.0,0.0,2023,9,257
2023-09-15,0,0,1,0,0,0,3,0,0,0,0,0,0,0,3,0,0,6.0,0.0,0.0,0.0,2023,9,258
2023-09-16,0,0,3,0,0,0,1,0,0,0,3,0,0,0,0,0,0,4.0,0.0,0.0,0.0,2023,9,259
2023-09-17,0,0,0,0,0,0,3,0,0,0,1,0,0,0,3,0,0,7.0,0.0,0.0,0.0,2023,9,260
2023-09-18,0,0,0,0,0,0,0,0,0,0,3,0,0,0,1,0,0,4.0,0.0,0.0,0.0,2023,9,261
2023-09-19,1,1,3,0,0,0,0,0,0,0,0,0,0,0,3,0,0,3.0,0.0,0.0,0.0,2023,9,262
2023-09-20,0,0,1,0,0,1,3,0,0,0,0,0,0,0,0,0,0,3.0,0.0,1.0,0.0,2023,9,263
2023-09-21,0,0,1,0,0,0,1,0,0,1,3,0,0,0,0,0,0,4.0,0.0,1.0,0.0,2023,9,264
2023-09-22,0,0,4,0,0,0,1,0,0,0,1,0,0,1,3,0,0,5.0,0.0,1.0,0.0,2023,9,265
2023-09-23,0,0,1,0,0,0,4,0,0,0,1,0,0,0,1,0,0,6.0,0.0,0.0,0.0,2023,9,266
2023-09-24,1,0,2,0,0,0,1,0,0,0,4,0,0,0,1,0,0,6.0,0.0,0.0,0.0,2023,9,267
2023-09-25,0,0,0,0,0,0,2,0,0,0,1,0,0,0,4,0,0,7.0,0.0,0.0,0.0,2023,9,268
2023-09-26,0,0,0,0,0,0,0,0,0,0,2,0,0,0,1,0,0,3.0,0.0,0.0,0.0,2023,9,269
2023-09-27,0,0,0,0,1,0,0,0,0,0,0,0,0,0,2,0,0,2.0,0.0,0.0,0.0,2023,9,270
2023-09-28,0,0,1,0,0,0,0,0,1,0,0,0,0,0,0,0,0,0.0,0.0,0.0,1.0,2023,9,271
2023-09-29,0,0,0,0,0,0,1,0,0,0,0,0,1,0,0,0,0,1.0,0.0,0.0,1.0,2023,9,272
2023-09-30,0,1,1,0,0,0,0,0,0,0,1,0,0,0,0,0,1,1.0,0.0,0.0,1.0,2023,9,273
2023-10-01,0,0,2,0,0,1,1,0,0,0,0,0,0,0,1,0,0,2.0,0.0,1.0,0.0,2023,10,274
2023-10-02,0,1,1,0,0,0,2,0,0,1,1,0,0,0,0,0,0,3.0,0.0,1.0,0.0,2023,10,275
2023-10-03,0,0,0,0,1,1,1,0,0,0,2,0,0,1,1,0,0,4.0,0.0,2.0,0.0,2023,10,276
2023-10-04,0,0,0,0,0,0,0,0,1,1,1,0,0,0,2,0,0,3.0,0.0,1.0,1.0,2023,10,277
2023-10-05,0,0,0,0,0,0,0,0,0,0,0,0,1,1,1,0,0,1.0,0.0,1.0,1.0,2023,10,278
2023-10-06,0,0,0,0,0,0,0,0,0,0,0,0,0,0,0,0,1,0.0,0.0,0.0,1.0,2023,10,279
2023-10-07,0,0,1,0,0,0,0,0,0,0,0,0,0,0,0,0,0,0.0,0.0,0.0,0.0,2023,10,280
2023-10-08,0,0,0,0,0,0,1,0,0,0,0,0,0,0,0,0,0,1.0,0.0,0.0,0.0,2023,10,281
2023-10-09,0,0,0,0,0,0,0,0,0,0,1,0,0,0,0,0,0,1.0,0.0,0.0,0.0,2023,10,282
2023-10-10,0,0,2,0,0,0,0,0,0,0,0,0,0,0,1,0,0,1.0,0.0,0.0,0.0,2023,10,283
2023-10-11,0,0,0,0,0,0,2,0,0,0,0,0,0,0,0,0,0,2.0,0.0,0.0,0.0,2023,10,284
2023-10-12,0,1,1,0,0,0,0,0,0,0,2,0,0,0,0,0,0,2.0,0.0,0.0,0.0,2023,10,285
2023-10-13,0,0,0,0,2,1,1,0,0,0,0,0,0,0,2,0,0,3.0,0.0,1.0,0.0,2023,10,286
2023-10-14,0,0,0,0,0,0,0,0,2,1,1,0,0,0,0,0,0,1.0,0.0,1.0,2.0,2023,10,287
2023-10-15,0,0,0,0,0,0,0,0,0,0,0,0,2,1,1,0,0,1.0,0.0,1.0,2.0,2023,10,288
2023-10-16,0,1,0,0,0,0,0,0,0,0,0,0,0,0,0,0,2,0.0,0.0,0.0,2.0,2023,10,289
2023-10-17,0,1,0,0,0,1,0,0,0,0,0,0,0,0,0,0,0,0.0,0.0,1.0,0.0,2023,10,290
2023-10-18,0,0,0,0,1,1,0,0,0,1,0,0,0,0,0,0,0,0.0,0.0,2.0,0.0,2023,10,291
2023-10-19,0,0,0,0,0,0,0,0,1,1,0,0,0,1,0,0,0,0.0,0.0,2.0,1.0,2023,10,292
2023-10-20,0,0,0,0,0,0,0,0,0,0,0,0,1,1,0,0,0,0.0,0.0,1.0,1.0,2023,10,293
2023-10-21,0,0,0,0,0,0,0,0,0,0,0,0,0,0,0,0,1,0.0,0.0,0.0,1.0,2023,10,294
2023-10-22,0,0,0,0,0,0,0,0,0,0,0,0,0,0,0,0,0,0.0,0.0,0.0,0.0,2023,10,295
2023-10-23,0,0,0,0,0,0,0,0,0,0,0,0,0,0,0,0,0,0.0,0.0,0.0,0.0,2023,10,296
2023-10-24,0,0,0,0,0,0,0,0,0,0,0,0,0,0,0,0,0,0.0,0.0,0.0,0.0,2023,10,297
2023-10-25,0,2,0,0,0,0,0,0,0,0,0,0,0,0,0,0,0,0.0,0.0,0.0,0.0,2023,10,298
2023-10-26,0,0,1,0,2,2,0,0,0,0,0,0,0,0,0,0,0,0.0,0.0,2.0,0.0,2023,10,299
2023-10-27,0,0,0,0,0,0,1,0,2,2,0,0,0,0,0,0,0,1.0,0.0,2.0,2.0,2023,10,300
2023-10-28,0,0,0,0,2,0,0,0,0,0,1,0,2,2,0,0,0,1.0,0.0,2.0,2.0,2023,10,301
2023-10-29,0,0,0,0,0,0,0,0,2,0,0,0,0,0,1,0,2,1.0,0.0,0.0,4.0,2023,10,302
2023-10-30,0,0,0,0,0,0,0,0,0,0,0,0,2,0,0,0,0,0.0,0.0,0.0,2.0,2023,10,303
2023-10-31,0,1,0,0,0,0,0,0,0,0,0,0,0,0,0,0,2,0.0,0.0,0.0,2.0,2023,10,304
2023-11-01,0,0,2,0,0,1,0,0,0,0,0,0,0,0,0,0,0,0.0,0.0,1.0,0.0,2023,11,305
2023-11-02,0,1,2,0,0,0,2,0,0,1,0,0,0,0,0,0,0,2.0,0.0,1.0,0.0,2023,11,306
2023-11-03,0,1,0,0,0,1,2,0,0,0,2,0,0,1,0,0,0,4.0,0.0,2.0,0.0,2023,11,307
2023-11-04,0,0,0,0,0,1,0,0,0,1,2,0,0,0,2,0,0,4.0,0.0,2.0,0.0,2023,11,308
2023-11-05,1,0,2,0,0,0,0,0,0,1,0,0,0,1,2,0,0,2.0,0.0,2.0,0.0,2023,11,309
2023-11-06,0,0,0,0,1,0,2,0,0,0,0,0,0,1,0,0,0,2.0,0.0,1.0,0.0,2023,11,310
2023-11-07,0,0,0,0,0,0,0,0,1,0,2,0,0,0,0,0,0,2.0,0.0,0.0,1.0,2023,11,311
2023-11-08,0,0,0,0,0,0,0,0,0,0,0,0,1,0,2,0,0,2.0,0.0,0.0,1.0,2023,11,312
2023-11-09,0,1,0,0,0,0,0,0,0,0,0,0,0,0,0,0,1,0.0,0.0,0.0,1.0,2023,11,313
2023-11-10,0,0,0,0,0,1,0,0,0,0,0,0,0,0,0,0,0,0.0,0.0,1.0,0.0,2023,11,314
2023-11-11,0,0,1,0,0,0,0,0,0,1,0,0,0,0,0,0,0,0.0,0.0,1.0,0.0,2023,11,315
2023-11-12,0,0,0,0,0,0,1,0,0,0,0,0,0,1,0,0,0,1.0,0.0,1.0,0.0,2023,11,316
2023-11-13,0,0,0,0,1,0,0,0,0,0,1,0,0,0,0,0,0,1.0,0.0,0.0,0.0,2023,11,317
2023-11-14,0,1,1,0,0,0,0,0,1,0,0,0,0,0,1,0,0,1.0,0.0,0.0,1.0,2023,11,318
2023-11-15,0,2,0,0,0,1,1,0,0,0,0,0,1,0,0,0,0,1.0,0.0,1.0,1.0,2023,11,319
2023-11-16,0,1,0,0,0,2,0,0,0,1,1,0,0,0,0,0,1,1.0,0.0,3.0,1.0,2023,11,320
2023-11-17,0,0,0,0,0,1,0,0,0,2,0,0,0,1,1,0,0,1.0,0.0,4.0,0.0,2023,11,321
2023-11-18,0,0,3,0,0,0,0,0,0,1,0,0,0,2,0,0,0,0.0,0.0,3.0,0.0,2023,11,322
2023-11-19,0,0,0,0,0,0,3,0,0,0,0,0,0,1,0,0,0,3.0,0.0,1.0,0.0,2023,11,323
2023-11-20,0,0,1,0,0,0,0,0,0,0,3,0,0,0,0,0,0,3.0,0.0,0.0,0.0,2023,11,324
2023-11-21,0,0,0,0,1,0,1,0,0,0,0,0,0,0,3,0,0,4.0,0.0,0.0,0.0,2023,11,325
2023-11-22,0,1,0,0,1,0,0,0,1,0,1,0,0,0,0,0,0,1.0,0.0,0.0,1.0,2023,11,326
2023-11-23,0,0,2,0,0,1,0,0,1,0,0,0,1,0,1,0,0,1.0,0.0,1.0,2.0,2023,11,327
2023-11-24,0,0,1,0,1,0,2,0,0,1,0,0,1,0,0,0,1,2.0,0.0,1.0,2.0,2023,11,328
2023-11-25,1,0,0,0,0,0,1,0,1,0,2,0,0,1,0,0,1,3.0,0.0,1.0,2.0,2023,11,329
2023-11-26,0,1,0,0,0,0,0,0,0,0,1,0,1,0,2,0,0,3.0,0.0,0.0,1.0,2023,11,330
2023-11-27,0,2,0,0,0,1,0,0,0,0,0,0,0,0,1,0,1,1.0,0.0,1.0,1.0,2023,11,331
2023-11-28,0,0,2,0,0,2,0,0,0,1,0,0,0,0,0,0,0,0.0,0.0,3.0,0.0,2023,11,332
2023-11-29,0,0,0,0,0,0,2,0,0,2,0,0,0,1,0,0,0,2.0,0.0,3.0,0.0,2023,11,333
2023-11-30,0,1,0,0,0,0,0,0,0,0,2,0,0,2,0,0,0,2.0,0.0,2.0,0.0,2023,11,334
2023-12-01,1,2,2,0,0,1,0,0,0,0,0,0,0,0,2,0,0,2.0,0.0,1.0,0.0,2023,12,335
2023-12-02,0,0,0,0,0,2,2,0,0,1,0,0,0,0,0,0,0,2.0,0.0,3.0,0.0,2023,12,336
2023-12-03,0,0,0,0,1,0,0,0,0,2,2,0,0,1,0,0,0,2.0,0.0,3.0,0.0,2023,12,337
2023-12-04,0,0,0,0,1,0,0,0,1,0,0,0,0,2,2,0,0,2.0,0.0,2.0,1.0,2023,12,338
2023-12-05,0,1,3,0,0,0,0,0,1,0,0,0,1,0,0,0,0,0.0,0.0,0.0,2.0,2023,12,339
2023-12-06,0,0,2,0,0,1,3,0,0,0,0,0,1,0,0,0,1,3.0,0.0,1.0,2.0,2023,12,340
2023-12-07,0,0,0,0,0,0,2,0,0,1,3,0,0,0,0,0,1,5.0,0.0,1.0,1.0,2023,12,341
2023-12-08,0,0,1,0,0,0,0,0,0,0,2,0,0,1,3,0,0,5.0,0.0,1.0,0.0,2023,12,342
2023-12-09,0,0,2,0,0,0,1,0,0,0,0,0,0,0,2,0,0,3.0,0.0,0.0,0.0,2023,12,343
2023-12-10,0,0,2,0,0,0,2,0,0,0,1,0,0,0,0,0,0,3.0,0.0,0.0,0.0,2023,12,344
2023-12-11,0,1,0,0,0,0,2,0,0,0,2,0,0,0,1,0,0,5.0,0.0,0.0,0.0,2023,12,345
2023-12-12,0,1,0,0,0,1,0,0,0,0,2,0,0,0,2,0,0,4.0,0.0,1.0,0.0,2023,12,346
2023-12-13,0,0,0,0,0,1,0,0,0,1,0,0,0,0,2,0,0,2.0,0.0,2.0,0.0,2023,12,347
2023-12-14,0,0,2,1,0,0,0,0,0,1,0,0,0,1,0,0,0,0.0,0.0,2.0,0.0,2023,12,348
2023-12-15,0,0,2,0,0,0,2,1,0,0,0,0,0,1,0,0,0,2.0,1.0,1.0,0.0,2023,12,349
2023-12-16,0,1,0,0,0,0,2,0,0,0,2,1,0,0,0,0,0,4.0,1.0,0.0,0.0,2023,12,350
2023-12-17,0,0,1,0,0,1,0,0,0,0,2,0,0,0,2,1,0,4.0,1.0,1.0,0.0,2023,12,351
2023-12-18,1,0,0,0,1,0,1,0,0,1,0,0,0,0,2,0,0,3.0,0.0,1.0,0.0,2023,12,352
2023-12-19,0,0,0,0,0,0,0,0,1,0,1,0,0,1,0,0,0,1.0,0.0,1.0,1.0,2023,12,353
2023-12-20,0,1,0,0,0,0,0,0,0,0,0,0,1,0,1,0,0,1.0,0.0,0.0,1.0,2023,12,354
2023-12-21,0,0,2,0,0,1,0,0,0,0,0,0,0,0,0,0,1,0.0,0.0,1.0,1.0,2023,12,355
2023-12-22,0,2,0,0,0,0,2,0,0,1,0,0,0,0,0,0,0,2.0,0.0,1.0,0.0,2023,12,356
2023-12-23,0,0,0,0,0,2,0,0,0,0,2,0,0,1,0,0,0,2.0,0.0,3.0,0.0,2023,12,357
2023-12-24,0,0,3,0,0,0,0,0,0,2,0,0,0,0,2,0,0,2.0,0.0,2.0,0.0,2023,12,358
2023-12-25,0,0,0,0,0,0,3,0,0,0,0,0,0,2,0,0,0,3.0,0.0,2.0,0.0,2023,12,359
2023-12-26,0,0,0,0,0,0,0,0,0,0,3,0,0,0,0,0,0,3.0,0.0,0.0,0.0,2023,12,360
2023-12-27,0,0,0,0,0,0,0,0,0,0,0,0,0,0,3,0,0,3.0,0.0,0.0,0.0,2023,12,361
2023-12-28,0,0,0,0,0,0,0,0,0,0,0,0,0,0,0,0,0,0.0,0.0,0.0,0.0,2023,12,362
2023-12-29,0,0,0,0,0,0,0,0,0,0,0,0,0,0,0,0,0,0.0,0.0,0.0,0.0,2023,12,363
2023-12-30,0,0,0,0,0,0,0,0,0,0,0,0,0,0,0,0,0,0.0,0.0,0.0,0.0,2023,12,364
2023-12-31,0,0,1,1,0,0,0,0,0,0,0,0,0,0,0,0,0,0.0,0.0,0.0,0.0,2023,12,365
2024-01-01,0,0,2,0,0,0,1,1,0,0,0,0,0,0,0,0,0,1.0,1.0,0.0,0.0,2024,1,1
2024-01-02,0,0,1,0,0,0,2,0,0,0,1,1,0,0,0,0,0,3.0,1.0,0.0,0.0,2024,1,2
2024-01-03,0,0,0,0,0,0,1,0,0,0,2,0,0,0,1,1,0,4.0,1.0,0.0,0.0,2024,1,3
2024-01-04,0,0,2,0,0,0,0,0,0,0,1,0,0,0,2,0,0,3.0,0.0,0.0,0.0,2024,1,4
2024-01-05,0,0,0,0,0,0,2,0,0,0,0,0,0,0,1,0,0,3.0,0.0,0.0,0.0,2024,1,5
2024-01-06,0,4,0,0,0,0,0,0,0,0,2,0,0,0,0,0,0,2.0,0.0,0.0,0.0,2024,1,6
2024-01-07,0,0,0,0,0,4,0,0,0,0,0,0,0,0,2,0,0,2.0,0.0,4.0,0.0,2024,1,7
2024-01-08,0,0,0,0,0,0,0,0,0,4,0,0,0,0,0,0,0,0.0,0.0,4.0,0.0,2024,1,8
2024-01-09,0,0,0,0,0,0,0,0,0,0,0,0,0,4,0,0,0,0.0,0.0,4.0,0.0,2024,1,9
2024-01-10,0,2,2,0,0,0,0,0,0,0,0,0,0,0,0,0,0,0.0,0.0,0.0,0.0,2024,1,10
2024-01-11,0,1,3,0,0,2,2,0,0,0,0,0,0,0,0,0,0,2.0,0.0,2.0,0.0,2024,1,11
2024-01-12,0,0,1,0,0,1,3,0,0,2,2,0,0,0,0,0,0,5.0,0.0,3.0,0.0,2024,1,12
2024-01-13,0,0,0,0,0,0,1,0,0,1,3,0,0,2,2,0,0,6.0,0.0,3.0,0.0,2024,1,13
2024-01-14,0,1,0,0,0,0,0,0,0,0,1,0,0,1,3,0,0,4.0,0.0,1.0,0.0,2024,1,14
2024-01-15,0,0,0,0,0,1,0,0,0,0,0,0,0,0,1,0,0,1.0,0.0,1.0,0.0,2024,1,15
2024-01-16,0,0,0,0,0,0,0,0,0,1,0,0,0,0,0,0,0,0.0,0.0,1.0,0.0,2024,1,16
2024-01-17,0,1,0,0,0,0,0,0,0,0,0,0,0,1,0,0,0,0.0,0.0,1.0,0.0,2024,1,17
2024-01-18,0,0,0,0,0,1,0,0,0,0,0,0,0,0,0,0,0,0.0,0.0,1.0,0.0,2024,1,18
2024-01-19,0,0,0,0,0,0,0,0,0,1,0,0,0,0,0,0,0,0.0,0.0,1.0,0.0,2024,1,19
2024-01-20,0,1,0,0,0,0,0,0,0,0,0,0,0,1,0,0,0,0.0,0.0,1.0,0.0,2024,1,20
2024-01-21,0,2,0,0,0,1,0,0,0,0,0,0,0,0,0,0,0,0.0,0.0,1.0,0.0,2024,1,21
2024-01-22,0,0,7,0,0,2,0,0,0,1,0,0,0,0,0,0,0,0.0,0.0,3.0,0.0,2024,1,22
2024-01-23,0,2,10,0,0,0,7,0,0,2,0,0,0,1,0,0,0,7.0,0.0,3.0,0.0,2024,1,23
2024-01-24,0,2,4,0,0,2,10,0,0,0,7,0,0,2,0,0,0,17.0,0.0,4.0,0.0,2024,1,24
2024-01-25,0,0,0,0,0,2,4,0,0,2,10,0,0,0,7,0,0,21.0,0.0,4.0,0.0,2024,1,25
2024-01-26,0,0,0,0,0,0,0,0,0,2,4,0,0,2,10,0,0,14.0,0.0,4.0,0.0,2024,1,26
2024-01-27,0,0,0,0,0,0,0,0,0,0,0,0,0,2,4,0,0,4.0,0.0,2.0,0.0,2024,1,27
2024-01-28,0,1,0,0,0,0,0,0,0,0,0,0,0,0,0,0,0,0.0,0.0,0.0,0.0,2024,1,28
2024-01-29,0,0,2,0,1,1,0,0,0,0,0,0,0,0,0,0,0,0.0,0.0,1.0,0.0,2024,1,29
2024-01-30,0,1,0,0,0,0,2,0,1,1,0,0,0,0,0,0,0,2.0,0.0,1.0,1.0,2024,1,30
2024-01-31,0,0,0,0,0,1,0,0,0,0,2,0,1,1,0,0,0,2.0,0.0,2.0,1.0,2024,1,31
2024-02-01,0,2,0,0,0,0,0,0,0,1,0,0,0,0,2,0,1,2.0,0.0,1.0,1.0,2024,2,32
2024-02-02,0,3,1,0,0,2,0,0,0,0,0,0,0,1,0,0,0,0.0,0.0,3.0,0.0,2024,2,33
2024-02-03,0,0,0,0,0,3,1,0,0,2,0,0,0,0,0,0,0,1.0,0.0,5.0,0.0,2024,2,34
2024-02-04,0,0,7,0,1,0,0,0,0,3,1,0,0,2,0,0,0,1.0,0.0,5.0,0.0,2024,2,35
2024-02-05,0,0,2,0,0,0,7,0,1,0,0,0,0,3,1,0,0,8.0,0.0,3.0,1.0,2024,2,36
2024-02-06,0,0,3,0,0,0,2,0,0,0,7,0,1,0,0,0,0,9.0,0.0,0.0,1.0,2024,2,37
2024-02-07,0,0,2,0,0,0,3,0,0,0,2,0,0,0,7,0,1,12.0,0.0,0.0,1.0,2024,2,38
2024-02-08,0,1,5,0,0,0,2,0,0,0,3,0,0,0,2,0,0,7.0,0.0,0.0,0.0,2024,2,39
2024-02-09,0,0,2,1,0,1,5,0,0,0,2,0,0,0,3,0,0,10.0,0.0,1.0,0.0,2024,2,40
2024-02-10,0,0,3,0,0,0,2,1,0,1,5,0,0,0,2,0,0,9.0,1.0,1.0,0.0,2024,2,41
2024-02-11,0,0,1,0,0,0,3,0,0,0,2,1,0,1,5,0,0,10.0,1.0,1.0,0.0,2024,2,42
2024-02-12,0,0,4,0,0,0,1,0,0,0,3,0,0,0,2,1,0,6.0,1.0,0.0,0.0,2024,2,43
2024-02-13,0,1,0,0,0,0,4,0,0,0,1,0,0,0,3,0,0,8.0,0.0,0.0,0.0,2024,2,44
2024-02-14,0,0,2,0,0,1,0,0,0,0,4,0,0,0,1,0,0,5.0,0.0,1.0,0.0,2024,2,45
2024-02-15,0,0,1,0,0,0,2,0,0,1,0,0,0,0,4,0,0,6.0,0.0,1.0,0.0,2024,2,46
2024-02-16,0,1,1,1,0,0,1,0,0,0,2,0,0,1,0,0,0,3.0,0.0,1.0,0.0,2024,2,47
2024-02-17,0,0,0,0,0,1,1,1,0,0,1,0,0,0,2,0,0,4.0,1.0,1.0,0.0,2024,2,48
2024-02-18,0,0,0,0,0,0,0,0,0,1,1,1,0,0,1,0,0,2.0,1.0,1.0,0.0,2024,2,49
2024-02-19,0,1,0,0,0,0,0,0,0,0,0,0,0,1,1,1,0,1.0,1.0,1.0,0.0,2024,2,50
2024-02-20,0,0,0,0,0,1,0,0,0,0,0,0,0,0,0,0,0,0.0,0.0,1.0,0.0,2024,2,51
2024-02-21,0,1,1,1,0,0,0,0,0,1,0,0,0,0,0,0,0,0.0,0.0,1.0,0.0,2024,2,52
2024-02-22,0,1,1,2,0,1,1,1,0,0,0,0,0,1,0,0,0,1.0,1.0,2.0,0.0,2024,2,53
2024-02-23,0,0,4,0,0,1,1,2,0,1,1,1,0,0,0,0,0,2.0,3.0,2.0,0.0,2024,2,54
2024-02-24,0,0,4,0,0,0,4,0,0,1,1,2,0,1,1,1,0,6.0,3.0,2.0,0.0,2024,2,55
2024-02-25,0,0,1,0,1,0,4,0,0,0,4,0,0,1,1,2,0,9.0,2.0,1.0,0.0,2024,2,56
2024-02-26,0,0,0,0,0,0,1,0,1,0,4,0,0,0,4,0,0,9.0,0.0,0.0,1.0,2024,2,57
2024-02-27,0,0,0,0,0,0,0,0,0,0,1,0,1,0,4,0,0,5.0,0.0,0.0,1.0,2024,2,58
2024-02-28,0,1,1,0,0,0,0,0,0,0,0,0,0,0,1,0,1,1.0,0.0,0.0,1.0,2024,2,59
2024-02-29,0,0,0,0,0,1,1,0,0,0,0,0,0,0,0,0,0,1.0,0.0,1.0,0.0,2024,2,60
2024-03-01,0,0,0,0,0,0,0,0,0,1,1,0,0,0,0,0,0,1.0,0.0,1.0,0.0,2024,3,61
2024-03-02,0,0,0,0,0,0,0,0,0,0,0,0,0,1,1,0,0,1.0,0.0,1.0,0.0,2024,3,62
2024-03-03,1,0,0,0,0,0,0,0,0,0,0,0,0,0,0,0,0,0.0,0.0,0.0,0.0,2024,3,63
2024-03-04,0,0,0,0,0,0,0,0,0,0,0,0,0,0,0,0,0,0.0,0.0,0.0,0.0,2024,3,64
2024-03-05,0,0,0,0,0,0,0,0,0,0,0,0,0,0,0,0,0,0.0,0.0,0.0,0.0,2024,3,65
2024-03-06,0,0,0,0,0,0,0,0,0,0,0,0,0,0,0,0,0,0.0,0.0,0.0,0.0,2024,3,66
2024-03-07,0,1,0,0,0,0,0,0,0,0,0,0,0,0,0,0,0,0.0,0.0,0.0,0.0,2024,3,67
2024-03-08,0,0,1,0,1,1,0,0,0,0,0,0,0,0,0,0,0,0.0,0.0,1.0,0.0,2024,3,68
2024-03-09,0,0,0,0,0,0,1,0,1,1,0,0,0,0,0,0,0,1.0,0.0,1.0,1.0,2024,3,69
2024-03-10,0,0,1,0,0,0,0,0,0,0,1,0,1,1,0,0,0,1.0,0.0,1.0,1.0,2024,3,70
2024-03-11,0,0,0,0,0,0,1,0,0,0,0,0,0,0,1,0,1,2.0,0.0,0.0,1.0,2024,3,71
2024-03-12,0,1,0,0,0,0,0,0,0,0,1,0,0,0,0,0,0,1.0,0.0,0.0,0.0,2024,3,72
2024-03-13,0,0,0,0,0,1,0,0,0,0,0,0,0,0,1,0,0,1.0,0.0,1.0,0.0,2024,3,73
2024-03-14,0,0,1,0,0,0,0,0,0,1,0,0,0,0,0,0,0,0.0,0.0,1.0,0.0,2024,3,74
2024-03-15,0,2,0,0,0,0,1,0,0,0,0,0,0,1,0,0,0,1.0,0.0,1.0,0.0,2024,3,75
2024-03-16,0,0,2,0,0,2,0,0,0,0,1,0,0,0,0,0,0,1.0,0.0,2.0,0.0,2024,3,76
2024-03-17,0,0,0,0,0,0,2,0,0,2,0,0,0,0,1,0,0,3.0,0.0,2.0,0.0,2024,3,77
2024-03-18,0,0,3,0,0,0,0,0,0,0,2,0,0,2,0,0,0,2.0,0.0,2.0,0.0,2024,3,78
2024-03-19,0,0,2,0,0,0,3,0,0,0,0,0,0,0,2,0,0,5.0,0.0,0.0,0.0,2024,3,79
2024-03-20,0,0,2,0,0,0,2,0,0,0,3,0,0,0,0,0,0,5.0,0.0,0.0,0.0,2024,3,80
2024-03-21,0,0,0,0,0,0,2,0,0,0,2,0,0,0,3,0,0,7.0,0.0,0.0,0.0,2024,3,81
2024-03-22,0,1,1,0,0,0,0,0,0,0,2,0,0,0,2,0,0,4.0,0.0,0.0,0.0,2024,3,82
2024-03-23,1,0,13,1,1,1,1,0,0,0,0,0,0,0,2,0,0,3.0,0.0,1.0,0.0,2024,3,83
2024-03-24,1,1,9,0,1,0,13,1,1,1,1,0,0,0,0,0,0,14.0,1.0,1.0,1.0,2024,3,84
2024-03-25,0,1,1,0,0,1,9,0,1,0,13,1,1,1,1,0,0,23.0,1.0,2.0,2.0,2024,3,85
2024-03-26,0,0,6,0,0,1,1,0,0,1,9,0,1,0,13,1,1,23.0,1.0,2.0,2.0,2024,3,86
2024-03-27,0,0,2,0,0,0,6,0,0,1,1,0,0,1,9,0,1,16.0,0.0,2.0,1.0,2024,3,87
2024-03-28,0,0,4,1,0,0,2,0,0,0,6,0,0,1,1,0,0,9.0,0.0,1.0,0.0,2024,3,88
2024-03-29,0,0,3,0,0,0,4,1,0,0,2,0,0,0,6,0,0,12.0,1.0,0.0,0.0,2024,3,89
2024-03-30,0,0,2,0,1,0,3,0,0,0,4,1,0,0,2,0,0,9.0,1.0,0.0,0.0,2024,3,90
2024-03-31,0,0,0,0,1,0,2,0,1,0,3,0,0,0,4,1,0,9.0,1.0,0.0,1.0,2024,3,91
2024-04-01,0,0,1,0,0,0,0,0,1,0,2,0,1,0,3,0,0,5.0,0.0,0.0,2.0,2024,4,92
2024-04-02,0,0,0,0,0,0,1,0,0,0,0,0,1,0,2,0,1,3.0,0.0,0.0,2.0,2024,4,93
2024-04-03,0,0,0,0,0,0,0,0,0,0,1,0,0,0,0,0,1,1.0,0.0,0.0,1.0,2024,4,94
2024-04-04,0,0,0,0,1,0,0,0,0,0,0,0,0,0,1,0,0,1.0,0.0,0.0,0.0,2024,4,95
2024-04-05,0,0,0,0,0,0,0,0,1,0,0,0,0,0,0,0,0,0.0,0.0,0.0,1.0,2024,4,96
2024-04-06,0,0,0,0,0,0,0,0,0,0,0,0,1,0,0,0,0,0.0,0.0,0.0,1.0,2024,4,97
2024-04-07,0,0,0,0,0,0,0,0,0,0,0,0,0,0,0,0,1,0.0,0.0,0.0,1.0,2024,4,98
2024-04-08,0,0,0,0,0,0,0,0,0,0,0,0,0,0,0,0,0,0.0,0.0,0.0,0.0,2024,4,99
2024-04-09,0,0,0,0,1,0,0,0,0,0,0,0,0,0,0,0,0,0.0,0.0,0.0,0.0,2024,4,100
2024-04-10,0,0,0,0,0,0,0,0,1,0,0,0,0,0,0,0,0,0.0,0.0,0.0,1.0,2024,4,101
2024-04-11,0,0,1,0,0,0,0,0,0,0,0,0,1,0,0,0,0,0.0,0.0,0.0,1.0,2024,4,102
2024-04-12,0,1,0,0,0,0,1,0,0,0,0,0,0,0,0,0,1,1.0,0.0,0.0,1.0,2024,4,103
2024-04-13,0,2,1,0,0,1,0,0,0,0,1,0,0,0,0,0,0,1.0,0.0,1.0,0.0,2024,4,104
2024-04-14,0,1,1,0,0,2,1,0,0,1,0,0,0,0,1,0,0,2.0,0.0,3.0,0.0,2024,4,105
2024-04-15,0,1,8,0,0,1,1,0,0,2,1,0,0,1,0,0,0,2.0,0.0,4.0,0.0,2024,4,106
2024-04-16,0,0,1,0,0,1,8,0,0,1,1,0,0,2,1,0,0,10.0,0.0,4.0,0.0,2024,4,107
2024-04-17,0,2,1,0,0,0,1,0,0,1,8,0,0,1,1,0,0,10.0,0.0,2.0,0.0,2024,4,108
2024-04-18,0,0,3,0,0,2,1,0,0,0,1,0,0,1,8,0,0,10.0,0.0,3.0,0.0,2024,4,109
2024-04-19,1,0,2,0,0,0,3,0,0,2,1,0,0,0,1,0,0,5.0,0.0,2.0,0.0,2024,4,110
2024-04-20,0,1,0,0,0,0,2,0,0,0,3,0,0,2,1,0,0,6.0,0.0,2.0,0.0,2024,4,111
2024-04-21,0,3,3,0,0,1,0,0,0,0,2,0,0,0,3,0,0,5.0,0.0,1.0,0.0,2024,4,112
2024-04-22,0,2,8,0,0,3,3,0,0,1,0,0,0,0,2,0,0,5.0,0.0,4.0,0.0,2024,4,113
2024-04-23,0,0,4,0,0,2,8,0,0,3,3,0,0,1,0,0,0,11.0,0.0,6.0,0.0,2024,4,114
2024-04-24,0,1,6,0,0,0,4,0,0,2,8,0,0,3,3,0,0,15.0,0.0,5.0,0.0,2024,4,115
2024-04-25,0,0,5,0,0,1,6,0,0,0,4,0,0,2,8,0,0,18.0,0.0,3.0,0.0,2024,4,116
2024-04-26,0,0,0,0,0,0,5,0,0,1,6,0,0,0,4,0,0,15.0,0.0,1.0,0.0,2024,4,117
2024-04-27,0,0,2,0,1,0,0,0,0,0,5,0,0,1,6,0,0,11.0,0.0,1.0,0.0,2024,4,118
2024-04-28,0,0,0,0,0,0,2,0,1,0,0,0,0,0,5,0,0,7.0,0.0,0.0,1.0,2024,4,119
2024-04-29,0,0,2,0,0,0,0,0,0,0,2,0,1,0,0,0,0,2.0,0.0,0.0,1.0,2024,4,120
2024-04-30,0,0,4,0,0,0,2,0,0,0,0,0,0,0,2,0,1,4.0,0.0,0.0,1.0,2024,4,121
2024-05-01,0,1,3,0,0,0,4,0,0,0,2,0,0,0,0,0,0,6.0,0.0,0.0,0.0,2024,5,122
2024-05-02,1,0,2,0,2,1,3,0,0,0,4,0,0,0,2,0,0,9.0,0.0,1.0,0.0,2024,5,123
2024-05-03,0,0,5,1,0,0,2,0,2,1,3,0,0,0,4,0,0,9.0,0.0,1.0,2.0,2024,5,124
2024-05-04,0,0,6,0,0,0,5,1,0,0,2,0,2,1,3,0,0,10.0,1.0,1.0,2.0,2024,5,125
2024-05-05,0,1,9,2,0,0,6,0,0,0,5,1,0,0,2,0,2,13.0,1.0,0.0,2.0,2024,5,126
2024-05-06,0,0,5,1,1,1,9,2,0,0,6,0,0,0,5,1,0,20.0,3.0,1.0,0.0,2024,5,127
2024-05-07,0,0,14,0,0,0,5,1,1,1,9,2,0,0,6,0,0,20.0,3.0,1.0,1.0,2024,5,128
2024-05-08,0,0,15,3,0,0,14,0,0,0,5,1,1,1,9,2,0,28.0,3.0,1.0,1.0,2024,5,129
2024-05-09,0,0,18,2,0,0,15,3,0,0,14,0,0,0,5,1,1,34.0,4.0,0.0,1.0,2024,5,130
2024-05-10,1,0,14,1,0,0,18,2,0,0,15,3,0,0,14,0,0,47.0,5.0,0.0,0.0,2024,5,131
2024-05-11,0,0,11,2,0,0,14,1,0,0,18,2,0,0,15,3,0,47.0,6.0,0.0,0.0,2024,5,132
2024-05-12,1,0,9,1,0,0,11,2,0,0,14,1,0,0,18,2,0,43.0,5.0,0.0,0.0,2024,5,133
2024-05-13,0,0,11,0,0,0,9,1,0,0,11,2,0,0,14,1,0,34.0,4.0,0.0,0.0,2024,5,134
2024-05-14,0,1,2,3,0,0,11,0,0,0,9,1,0,0,11,2,0,31.0,3.0,0.0,0.0,2024,5,135
2024-05-15,0,0,3,2,0,1,2,3,0,0,11,0,0,0,9,1,0,22.0,4.0,1.0,0.0,2024,5,136
2024-05-16,1,0,1,0,0,0,3,2,0,1,2,3,0,0,11,0,0,16.0,5.0,1.0,0.0,2024,5,137
2024-05-17,1,0,1,0,0,0,1,0,0,0,3,2,0,1,2,3,0,6.0,5.0,1.0,0.0,2024,5,138
2024-05-18,0,0,0,0,0,0,1,0,0,0,1,0,0,0,3,2,0,5.0,2.0,0.0,0.0,2024,5,139
2024-05-19,0,0,3,0,0,0,0,0,0,0,1,0,0,0,1,0,0,2.0,0.0,0.0,0.0,2024,5,140
2024-05-20,0,0,0,0,0,0,3,0,0,0,0,0,0,0,1,0,0,4.0,0.0,0.0,0.0,2024,5,141
2024-05-21,0,2,1,0,0,0,0,0,0,0,3,0,0,0,0,0,0,3.0,0.0,0.0,0.0,2024,5,142
2024-05-22,0,0,3,0,0,2,1,0,0,0,0,0,0,0,3,0,0,4.0,0.0,2.0,0.0,2024,5,143
2024-05-23,0,0,5,0,0,0,3,0,0,2,1,0,0,0,0,0,0,4.0,0.0,2.0,0.0,2024,5,144
2024-05-24,0,0,4,0,0,0,5,0,0,0,3,0,0,2,1,0,0,9.0,0.0,2.0,0.0,2024,5,145
2024-05-25,0,0,0,0,0,0,4,0,0,0,5,0,0,0,3,0,0,12.0,0.0,0.0,0.0,2024,5,146
2024-05-26,0,0,0,0,0,0,0,0,0,0,4,0,0,0,5,0,0,9.0,0.0,0.0,0.0,2024,5,147
2024-05-27,0,0,0,1,0,0,0,0,0,0,0,0,0,0,4,0,0,4.0,0.0,0.0,0.0,2024,5,148
2024-05-28,0,0,0,0,0,0,0,1,0,0,0,0,0,0,0,0,0,0.0,1.0,0.0,0.0,2024,5,149
2024-05-29,0,0,8,1,0,0,0,0,0,0,0,1,0,0,0,0,0,0.0,1.0,0.0,0.0,2024,5,150
2024-05-30,0,0,1,0,0,0,8,1,0,0,0,0,0,0,0,1,0,8.0,2.0,0.0,0.0,2024,5,151
2024-05-31,0,0,1,1,0,0,1,0,0,0,8,1,0,0,0,0,0,9.0,1.0,0.0,0.0,2024,5,152
2024-06-01,0,0,1,2,0,0,1,1,0,0,1,0,0,0,8,1,0,10.0,2.0,0.0,0.0,2024,6,153
2024-06-02,0,0,2,0,0,0,1,2,0,0,1,1,0,0,1,0,0,3.0,3.0,0.0,0.0,2024,6,154
2024-06-03,0,0,4,0,1,0,2,0,0,0,1,2,0,0,1,1,0,4.0,3.0,0.0,0.0,2024,6,155
2024-06-04,0,0,2,0,0,0,4,0,1,0,2,0,0,0,1,2,0,7.0,2.0,0.0,1.0,2024,6,156
2024-06-05,0,0,2,0,0,0,2,0,0,0,4,0,1,0,2,0,0,8.0,0.0,0.0,1.0,2024,6,157
2024-06-06,0,0,1,0,0,0,2,0,0,0,2,0,0,0,4,0,1,8.0,0.0,0.0,1.0,2024,6,158
2024-06-07,1,0,2,0,0,0,1,0,0,0,2,0,0,0,2,0,0,5.0,0.0,0.0,0.0,2024,6,159
2024-06-08,0,0,8,0,0,0,2,0,0,0,1,0,0,0,2,0,0,5.0,0.0,0.0,0.0,2024,6,160
2024-06-09,0,0,3,0,0,0,8,0,0,0,2,0,0,0,1,0,0,11.0,0.0,0.0,0.0,2024,6,161
2024-06-10,0,0,5,1,0,0,3,0,0,0,8,0,0,0,2,0,0,13.0,0.0,0.0,0.0,2024,6,162
2024-06-11,0,0,0,0,0,0,5,1,0,0,3,0,0,0,8,0,0,16.0,1.0,0.0,0.0,2024,6,163
2024-06-12,0,0,1,0,0,0,0,0,0,0,5,1,0,0,3,0,0,8.0,1.0,0.0,0.0,2024,6,164
2024-06-13,0,0,1,0,0,0,1,0,0,0,0,0,0,0,5,1,0,6.0,1.0,0.0,0.0,2024,6,165
2024-06-14,0,0,1,0,0,0,1,0,0,0,1,0,0,0,0,0,0,2.0,0.0,0.0,0.0,2024,6,166
2024-06-15,0,0,1,0,0,0,1,0,0,0,1,0,0,0,1,0,0,3.0,0.0,0.0,0.0,2024,6,167
2024-06-16,0,0,0,0,0,0,1,0,0,0,1,0,0,0,1,0,0,3.0,0.0,0.0,0.0,2024,6,168
2024-06-17,0,0,3,0,1,0,0,0,0,0,1,0,0,0,1,0,0,2.0,0.0,0.0,0.0,2024,6,169
2024-06-18,0,0,2,0,0,0,3,0,1,0,0,0,0,0,1,0,0,4.0,0.0,0.0,1.0,2024,6,170
2024-06-19,0,0,1,0,0,0,2,0,0,0,3,0,1,0,0,0,0,5.0,0.0,0.0,1.0,2024,6,171
2024-06-20,0,0,2,0,0,0,1,0,0,0,2,0,0,0,3,0,1,6.0,0.0,0.0,1.0,2024,6,172
2024-06-21,0,0,0,0,0,0,2,0,0,0,1,0,0,0,2,0,0,5.0,0.0,0.0,0.0,2024,6,173
2024-06-22,0,0,3,0,0,0,0,0,0,0,2,0,0,0,1,0,0,3.0,0.0,0.0,0.0,2024,6,174
2024-06-23,0,0,3,0,1,0,3,0,0,0,0,0,0,0,2,0,0,5.0,0.0,0.0,0.0,2024,6,175
2024-06-24,0,0,7,0,0,0,3,0,1,0,3,0,0,0,0,0,0,6.0,0.0,0.0,1.0,2024,6,176
2024-06-25,0,0,1,0,0,0,7,0,0,0,3,0,1,0,3,0,0,13.0,0.0,0.0,1.0,2024,6,177
2024-06-26,0,1,0,0,0,0,1,0,0,0,7,0,0,0,3,0,1,11.0,0.0,0.0,1.0,2024,6,178
2024-06-27,0,1,0,0,0,1,0,0,0,0,1,0,0,0,7,0,0,8.0,0.0,1.0,0.0,2024,6,179
2024-06-28,1,0,0,0,0,1,0,0,0,1,0,0,0,0,1,0,0,1.0,0.0,2.0,0.0,2024,6,180
2024-06-29,0,1,0,0,0,0,0,0,0,1,0,0,0,1,0,0,0,0.0,0.0,2.0,0.0,2024,6,181
2024-06-30,0,1,0,0,0,1,0,0,0,0,0,0,0,1,0,0,0,0.0,0.0,2.0,0.0,2024,6,182
2024-07-01,0,0,1,0,0,1,0,0,0,1,0,0,0,0,0,0,0,0.0,0.0,2.0,0.0,2024,7,183
2024-07-02,0,1,0,0,0,0,1,0,0,1,0,0,0,1,0,0,0,1.0,0.0,2.0,0.0,2024,7,184
2024-07-03,0,0,1,0,0,1,0,0,0,0,1,0,0,1,0,0,0,1.0,0.0,2.0,0.0,2024,7,185
2024-07-04,0,0,2,0,0,0,1,0,0,1,0,0,0,0,1,0,0,2.0,0.0,1.0,0.0,2024,7,186
2024-07-05,0,0,0,0,0,0,2,0,0,0,1,0,0,1,0,0,0,3.0,0.0,1.0,0.0,2024,7,187
2024-07-06,0,0,1,0,0,0,0,0,0,0,2,0,0,0,1,0,0,3.0,0.0,0.0,0.0,2024,7,188
2024-07-07,0,0,6,0,0,0,1,0,0,0,0,0,0,0,2,0,0,3.0,0.0,0.0,0.0,2024,7,189
2024-07-08,0,1,1,0,0,0,6,0,0,0,1,0,0,0,0,0,0,7.0,0.0,0.0,0.0,2024,7,190
2024-07-09,0,1,0,0,0,1,1,0,0,0,6,0,0,0,1,0,0,8.0,0.0,1.0,0.0,2024,7,191
2024-07-10,0,0,5,0,0,1,0,0,0,1,1,0,0,0,6,0,0,7.0,0.0,2.0,0.0,2024,7,192
2024-07-11,0,0,4,0,0,0,5,0,0,1,0,0,0,1,1,0,0,6.0,0.0,2.0,0.0,2024,7,193
2024-07-12,0,0,0,0,0,0,4,0,0,0,5,0,0,1,0,0,0,9.0,0.0,1.0,0.0,2024,7,194
2024-07-13,0,0,6,0,0,0,0,0,0,0,4,0,0,0,5,0,0,9.0,0.0,0.0,0.0,2024,7,195
2024-07-14,0,0,5,1,0,0,6,0,0,0,0,0,0,0,4,0,0,10.0,0.0,0.0,0.0,2024,7,196
2024-07-15,0,0,4,0,0,0,5,1,0,0,6,0,0,0,0,0,0,11.0,1.0,0.0,0.0,2024,7,197
2024-07-16,0,0,4,1,0,0,4,0,0,0,5,1,0,0,6,0,0,15.0,1.0,0.0,0.0,2024,7,198
2024-07-17,0,0,5,0,0,0,4,1,0,0,4,0,0,0,5,1,0,13.0,2.0,0.0,0.0,2024,7,199
2024-07-18,0,0,2,0,0,0,5,0,0,0,4,1,0,0,4,0,0,13.0,1.0,0.0,0.0,2024,7,200
2024-07-19,0,0,3,0,0,0,2,0,0,0,5,0,0,0,4,1,0,11.0,1.0,0.0,0.0,2024,7,201
2024-07-20,0,0,2,0,0,0,3,0,0,0,2,0,0,0,5,0,0,10.0,0.0,0.0,0.0,2024,7,202
2024-07-21,0,0,4,0,0,0,2,0,0,0,3,0,0,0,2,0,0,7.0,0.0,0.0,0.0,2024,7,203
2024-07-22,0,0,5,0,0,0,4,0,0,0,2,0,0,0,3,0,0,9.0,0.0,0.0,0.0,2024,7,204
2024-07-23,0,0,1,0,0,0,5,0,0,0,4,0,0,0,2,0,0,11.0,0.0,0.0,0.0,2024,7,205
2024-07-24,0,0,2,0,0,0,1,0,0,0,5,0,0,0,4,0,0,10.0,0.0,0.0,0.0,2024,7,206
2024-07-25,0,1,1,0,1,0,2,0,0,0,1,0,0,0,5,0,0,8.0,0.0,0.0,0.0,2024,7,207
2024-07-26,0,1,1,0,0,1,1,0,1,0,2,0,0,0,1,0,0,4.0,0.0,1.0,1.0,2024,7,208
2024-07-27,0,0,7,0,0,1,1,0,0,1,1,0,1,0,2,0,0,4.0,0.0,2.0,1.0,2024,7,209
2024-07-28,0,0,8,0,0,0,7,0,0,1,1,0,0,1,1,0,1,9.0,0.0,2.0,1.0,2024,7,210
2024-07-29,0,1,6,1,0,0,8,0,0,0,7,0,0,1,1,0,0,16.0,0.0,1.0,0.0,2024,7,211
2024-07-30,0,0,8,0,0,1,6,1,0,0,8,0,0,0,7,0,0,21.0,1.0,1.0,0.0,2024,7,212
2024-07-31,0,0,10,0,0,0,8,0,0,1,6,1,0,0,8,0,0,22.0,1.0,1.0,0.0,2024,7,213
2024-08-01,0,0,21,0,0,0,10,0,0,0,8,0,0,1,6,1,0,24.0,1.0,1.0,0.0,2024,8,214
2024-08-02,0,0,12,0,0,0,21,0,0,0,10,0,0,0,8,0,0,39.0,0.0,0.0,0.0,2024,8,215
2024-08-03,0,0,9,0,0,0,12,0,0,0,21,0,0,0,10,0,0,43.0,0.0,0.0,0.0,2024,8,216
2024-08-04,1,0,7,0,0,0,9,0,0,0,12,0,0,0,21,0,0,42.0,0.0,0.0,0.0,2024,8,217
2024-08-05,0,0,5,2,0,0,7,0,0,0,9,0,0,0,12,0,0,28.0,0.0,0.0,0.0,2024,8,218
2024-08-06,0,0,1,0,0,0,5,2,0,0,7,0,0,0,9,0,0,21.0,2.0,0.0,0.0,2024,8,219
2024-08-07,0,1,4,0,0,0,1,0,0,0,5,2,0,0,7,0,0,13.0,2.0,0.0,0.0,2024,8,220
2024-08-08,0,0,7,1,0,1,4,0,0,0,1,0,0,0,5,2,0,10.0,2.0,1.0,0.0,2024,8,221
2024-08-09,0,0,8,0,0,0,7,1,0,1,4,0,0,0,1,0,0,12.0,1.0,1.0,0.0,2024,8,222
2024-08-10,0,0,5,0,0,0,8,0,0,0,7,1,0,1,4,0,0,19.0,1.0,1.0,0.0,2024,8,223
2024-08-11,0,0,5,0,0,0,5,0,0,0,8,0,0,0,7,1,0,20.0,1.0,0.0,0.0,2024,8,224
2024-08-12,1,0,1,0,0,0,5,0,0,0,5,0,0,0,8,0,0,18.0,0.0,0.0,0.0,2024,8,225
2024-08-13,0,1,3,0,0,0,1,0,0,0,5,0,0,0,5,0,0,11.0,0.0,0.0,0.0,2024,8,226
2024-08-14,0,0,3,1,0,1,3,0,0,0,1,0,0,0,5,0,0,9.0,0.0,1.0,0.0,2024,8,227
2024-08-15,0,0,1,0,0,0,3,1,0,1,3,0,0,0,1,0,0,7.0,1.0,1.0,0.0,2024,8,228
2024-08-16,0,1,1,0,0,0,1,0,0,0,3,1,0,1,3,0,0,7.0,1.0,1.0,0.0,2024,8,229
2024-08-17,1,0,4,0,0,1,1,0,0,0,1,0,0,0,3,1,0,5.0,1.0,1.0,0.0,2024,8,230
2024-08-18,0,0,5,0,0,0,4,0,0,1,1,0,0,0,1,0,0,6.0,0.0,1.0,0.0,2024,8,231
2024-08-19,0,0,3,0,0,0,5,0,0,0,4,0,0,1,1,0,0,10.0,0.0,1.0,0.0,2024,8,232
2024-08-20,0,0,2,0,0,0,3,0,0,0,5,0,0,0,4,0,0,12.0,0.0,0.0,0.0,2024,8,233
2024-08-21,0,0,2,0,0,0,2,0,0,0,3,0,0,0,5,0,0,10.0,0.0,0.0,0.0,2024,8,234
2024-08-22,0,1,1,0,1,0,2,0,0,0,2,0,0,0,3,0,0,7.0,0.0,0.0,0.0,2024,8,235
2024-08-23,0,1,8,0,0,1,1,0,1,0,2,0,0,0,2,0,0,5.0,0.0,1.0,1.0,2024,8,236
2024-08-24,0,0,5,0,0,1,8,0,0,1,1,0,1,0,2,0,0,11.0,0.0,2.0,1.0,2024,8,237
2024-08-25,0,0,0,0,0,0,5,0,0,1,8,0,0,1,1,0,1,14.0,0.0,2.0,1.0,2024,8,238
2024-08-26,0,0,1,0,0,0,0,0,0,0,5,0,0,1,8,0,0,13.0,0.0,1.0,0.0,2024,8,239
2024-08-27,0,0,1,0,0,0,1,0,0,0,0,0,0,0,5,0,0,6.0,0.0,0.0,0.0,2024,8,240
2024-08-28,1,0,0,0,0,0,1,0,0,0,1,0,0,0,0,0,0,2.0,0.0,0.0,0.0,2024,8,241
2024-08-29,0,0,0,0,1,0,0,0,0,0,1,0,0,0,1,0,0,2.0,0.0,0.0,0.0,2024,8,242
2024-08-30,0,0,2,0,0,0,0,0,1,0,0,0,0,0,1,0,0,1.0,0.0,0.0,1.0,2024,8,243
2024-08-31,0,0,4,0,0,0,2,0,0,0,0,0,1,0,0,0,0,2.0,0.0,0.0,1.0,2024,8,244
2024-09-01,0,0,7,0,0,0,4,0,0,0,2,0,0,0,0,0,1,6.0,0.0,0.0,1.0,2024,9,245
2024-09-02,0,0,6,0,0,0,7,0,0,0,4,0,0,0,2,0,0,13.0,0.0,0.0,0.0,2024,9,246
2024-09-03,0,0,3,0,0,0,6,0,0,0,7,0,0,0,4,0,0,17.0,0.0,0.0,0.0,2024,9,247
2024-09-04,0,0,6,0,0,0,3,0,0,0,6,0,0,0,7,0,0,16.0,0.0,0.0,0.0,2024,9,248
2024-09-05,0,0,7,0,0,0,6,0,0,0,3,0,0,0,6,0,0,15.0,0.0,0.0,0.0,2024,9,249
2024-09-06,0,0,0,0,0,0,7,0,0,0,6,0,0,0,3,0,0,16.0,0.0,0.0,0.0,2024,9,250
2024-09-07,0,0,1,0,0,0,0,0,0,0,7,0,0,0,6,0,0,13.0,0.0,0.0,0.0,2024,9,251
2024-09-08,0,0,1,0,0,0,1,0,0,0,0,0,0,0,7,0,0,8.0,0.0,0.0,0.0,2024,9,252
2024-09-09,0,0,9,0,1,0,1,0,0,0,1,0,0,0,0,0,0,2.0,0.0,0.0,0.0,2024,9,253
2024-09-10,0,0,2,0,0,0,9,0,1,0,1,0,0,0,1,0,0,11.0,0.0,0.0,1.0,2024,9,254
2024-09-11,0,0,6,0,0,0,2,0,0,0,9,0,1,0,1,0,0,12.0,0.0,0.0,1.0,2024,9,255
2024-09-12,1,1,8,1,0,0,6,0,0,0,2,0,0,0,9,0,1,17.0,0.0,0.0,1.0,2024,9,256
2024-09-13,1,0,11,0,0,1,8,1,0,0,6,0,0,0,2,0,0,16.0,1.0,1.0,0.0,2024,9,257
2024-09-14,0,0,2,1,1,0,11,0,0,1,8,1,0,0,6,0,0,25.0,1.0,1.0,0.0,2024,9,258
2024-09-15,0,0,0,0,0,0,2,1,1,0,11,0,0,1,8,1,0,21.0,2.0,1.0,1.0,2024,9,259
2024-09-16,0,1,0,0,0,0,0,0,0,0,2,1,1,0,11,0,0,13.0,1.0,0.0,1.0,2024,9,260
2024-09-17,1,0,0,0,0,1,0,0,0,0,0,0,0,0,2,1,1,2.0,1.0,1.0,1.0,2024,9,261
2024-09-18,0,0,0,0,0,0,0,0,0,1,0,0,0,0,0,0,0,0.0,0.0,1.0,0.0,2024,9,262
2024-09-19,0,0,0,0,0,0,0,0,0,0,0,0,0,1,0,0,0,0.0,0.0,1.0,0.0,2024,9,263
2024-09-20,0,0,0,0,0,0,0,0,0,0,0,0,0,0,0,0,0,0.0,0.0,0.0,0.0,2024,9,264
2024-09-21,0,0,0,0,0,0,0,0,0,0,0,0,0,0,0,0,0,0.0,0.0,0.0,0.0,2024,9,265
2024-09-22,0,0,1,0,0,0,0,0,0,0,0,0,0,0,0,0,0,0.0,0.0,0.0,0.0,2024,9,266
2024-09-23,0,0,1,0,0,0,1,0,0,0,0,0,0,0,0,0,0,1.0,0.0,0.0,0.0,2024,9,267
2024-09-24,0,0,0,0,1,0,1,0,0,0,1,0,0,0,0,0,0,2.0,0.0,0.0,0.0,2024,9,268
2024-09-25,0,0,1,0,0,0,0,0,1,0,1,0,0,0,1,0,0,2.0,0.0,0.0,1.0,2024,9,269
2024-09-26,0,1,1,0,0,0,1,0,0,0,0,0,1,0,1,0,0,2.0,0.0,0.0,1.0,2024,9,270
2024-09-27,0,0,0,0,0,1,1,0,0,0,1,0,0,0,0,0,1,2.0,0.0,1.0,1.0,2024,9,271
2024-09-28,0,0,0,0,0,0,0,0,0,1,1,0,0,0,1,0,0,2.0,0.0,1.0,0.0,2024,9,272
2024-09-29,0,1,3,0,1,0,0,0,0,0,0,0,0,1,1,0,0,1.0,0.0,1.0,0.0,2024,9,273
2024-09-30,0,0,1,0,0,1,3,0,1,0,0,0,0,0,0,0,0,3.0,0.0,1.0,1.0,2024,9,274
2024-10-01,0,0,2,1,1,0,1,0,0,1,3,0,1,0,0,0,0,4.0,0.0,1.0,1.0,2024,10,275
2024-10-02,0,0,7,0,0,0,2,1,1,0,1,0,0,1,3,0,1,6.0,1.0,1.0,2.0,2024,10,276
2024-10-03,0,0,11,1,0,0,7,0,0,0,2,1,1,0,1,0,0,10.0,1.0,0.0,1.0,2024,10,277
2024-10-04,0,0,6,0,0,0,11,1,0,0,7,0,0,0,2,1,1,20.0,2.0,0.0,1.0,2024,10,278
2024-10-05,0,0,5,0,0,0,6,0,0,0,11,1,0,0,7,0,0,24.0,1.0,0.0,0.0,2024,10,279
2024-10-06,0,0,6,0,0,0,5,0,0,0,6,0,0,0,11,1,0,22.0,1.0,0.0,0.0,2024,10,280
2024-10-07,1,0,1,2,0,0,6,0,0,0,5,0,0,0,6,0,0,17.0,0.0,0.0,0.0,2024,10,281
2024-10-08,0,0,2,0,0,0,1,2,0,0,6,0,0,0,5,0,0,12.0,2.0,0.0,0.0,2024,10,282
2024-10-09,0,0,2,2,0,0,2,0,0,0,1,2,0,0,6,0,0,9.0,2.0,0.0,0.0,2024,10,283
2024-10-10,1,0,5,0,0,0,2,2,0,0,2,0,0,0,1,2,0,5.0,4.0,0.0,0.0,2024,10,284
2024-10-11,0,0,3,0,0,0,5,0,0,0,2,2,0,0,2,0,0,9.0,2.0,0.0,0.0,2024,10,285
2024-10-12,0,0,0,0,0,0,3,0,0,0,5,0,0,0,2,2,0,10.0,2.0,0.0,0.0,2024,10,286
2024-10-13,0,0,0,0,0,0,0,0,0,0,3,0,0,0,5,0,0,8.0,0.0,0.0,0.0,2024,10,287
2024-10-14,0,0,2,0,0,0,0,0,0,0,0,0,0,0,3,0,0,3.0,0.0,0.0,0.0,2024,10,288
2024-10-15,0,0,5,0,0,0,2,0,0,0,0,0,0,0,0,0,0,2.0,0.0,0.0,0.0,2024,10,289
2024-10-16,0,0,8,0,1,0,5,0,0,0,2,0,0,0,0,0,0,7.0,0.0,0.0,0.0,2024,10,290
2024-10-17,0,0,2,0,0,0,8,0,1,0,5,0,0,0,2,0,0,15.0,0.0,0.0,1.0,2024,10,291
2024-10-18,0,0,3,0,0,0,2,0,0,0,8,0,1,0,5,0,0,15.0,0.0,0.0,1.0,2024,10,292
2024-10-19,0,0,2,0,0,0,3,0,0,0,2,0,0,0,8,0,1,13.0,0.0,0.0,1.0,2024,10,293
2024-10-20,0,0,0,0,0,0,2,0,0,0,3,0,0,0,2,0,0,7.0,0.0,0.0,0.0,2024,10,294
2024-10-21,0,1,0,0,0,0,0,0,0,0,2,0,0,0,3,0,0,5.0,0.0,0.0,0.0,2024,10,295
2024-10-22,0,0,0,0,1,1,0,0,0,0,0,0,0,0,2,0,0,2.0,0.0,1.0,0.0,2024,10,296
2024-10-23,0,0,0,0,0,0,0,0,1,1,0,0,0,0,0,0,0,0.0,0.0,1.0,1.0,2024,10,297
2024-10-24,0,0,1,1,0,0,0,0,0,0,0,0,1,1,0,0,0,0.0,0.0,1.0,1.0,2024,10,298
2024-10-25,0,0,1,0,0,0,1,1,0,0,0,0,0,0,0,0,1,1.0,1.0,0.0,1.0,2024,10,299
2024-10-26,0,0,4,1,1,0,1,0,0,0,1,1,0,0,0,0,0,2.0,1.0,0.0,0.0,2024,10,300
2024-10-27,0,0,1,0,0,0,4,1,1,0,1,0,0,0,1,1,0,6.0,2.0,0.0,1.0,2024,10,301
2024-10-28,0,0,3,0,0,0,1,0,0,0,4,1,1,0,1,0,0,6.0,1.0,0.0,1.0,2024,10,302
2024-10-29,0,0,1,0,0,0,3,0,0,0,1,0,0,0,4,1,1,8.0,1.0,0.0,1.0,2024,10,303
2024-10-30,0,0,1,0,0,0,1,0,0,0,3,0,0,0,1,0,0,5.0,0.0,0.0,0.0,2024,10,304
2024-10-31,0,0,9,1,0,0,1,0,0,0,1,0,0,0,3,0,0,5.0,0.0,0.0,0.0,2024,10,305
2024-11-01,0,0,4,0,0,0,9,1,0,0,1,0,0,0,1,0,0,11.0,1.0,0.0,0.0,2024,11,306
2024-11-02,0,0,2,0,0,0,4,0,0,0,9,1,0,0,1,0,0,14.0,1.0,0.0,0.0,2024,11,307
2024-11-03,0,0,5,0,0,0,2,0,0,0,4,0,0,0,9,1,0,15.0,1.0,0.0,0.0,2024,11,308
2024-11-04,0,1,12,0,0,0,5,0,0,0,2,0,0,0,4,0,0,11.0,0.0,0.0,0.0,2024,11,309
2024-11-05,0,0,5,0,0,1,12,0,0,0,5,0,0,0,2,0,0,19.0,0.0,1.0,0.0,2024,11,310
2024-11-06,0,0,15,1,0,0,5,0,0,1,12,0,0,0,5,0,0,22.0,0.0,1.0,0.0,2024,11,311
2024-11-07,0,0,7,0,0,0,15,1,0,0,5,0,0,1,12,0,0,32.0,1.0,1.0,0.0,2024,11,312
2024-11-08,0,0,1,0,0,0,7,0,0,0,15,1,0,0,5,0,0,27.0,1.0,0.0,0.0,2024,11,313
2024-11-09,0,0,1,0,0,0,1,0,0,0,7,0,0,0,15,1,0,23.0,1.0,0.0,0.0,2024,11,314
2024-11-10,0,2,3,0,0,0,1,0,0,0,1,0,0,0,7,0,0,9.0,0.0,0.0,0.0,2024,11,315
2024-11-11,0,0,2,0,0,2,3,0,0,0,1,0,0,0,1,0,0,5.0,0.0,2.0,0.0,2024,11,316
2024-11-12,0,1,0,0,0,0,2,0,0,2,3,0,0,0,1,0,0,6.0,0.0,2.0,0.0,2024,11,317
2024-11-13,0,0,2,0,0,1,0,0,0,0,2,0,0,2,3,0,0,5.0,0.0,3.0,0.0,2024,11,318
2024-11-14,0,0,0,0,1,0,2,0,0,1,0,0,0,0,2,0,0,4.0,0.0,1.0,0.0,2024,11,319
2024-11-15,0,0,2,0,0,0,0,0,1,0,2,0,0,1,0,0,0,2.0,0.0,1.0,1.0,2024,11,320
2024-11-16,0,0,1,0,0,0,2,0,0,0,0,0,1,0,2,0,0,4.0,0.0,0.0,1.0,2024,11,321
2024-11-17,0,1,0,0,0,0,1,0,0,0,2,0,0,0,0,0,1,3.0,0.0,0.0,1.0,2024,11,322
2024-11-18,0,0,11,0,0,1,0,0,0,0,1,0,0,0,2,0,0,3.0,0.0,1.0,0.0,2024,11,323
2024-11-19,0,0,0,0,0,0,11,0,0,1,0,0,0,0,1,0,0,12.0,0.0,1.0,0.0,2024,11,324
2024-11-20,0,0,1,0,0,0,0,0,0,0,11,0,0,1,0,0,0,11.0,0.0,1.0,0.0,2024,11,325
2024-11-21,0,0,0,0,0,0,1,0,0,0,0,0,0,0,11,0,0,12.0,0.0,0.0,0.0,2024,11,326
2024-11-22,0,0,2,0,0,0,0,0,0,0,1,0,0,0,0,0,0,1.0,0.0,0.0,0.0,2024,11,327
2024-11-23,0,1,2,0,0,0,2,0,0,0,0,0,0,0,1,0,0,3.0,0.0,0.0,0.0,2024,11,328
2024-11-24,0,0,1,0,0,1,2,0,0,0,2,0,0,0,0,0,0,4.0,0.0,1.0,0.0,2024,11,329
2024-11-25,0,0,8,0,0,0,1,0,0,1,2,0,0,0,2,0,0,5.0,0.0,1.0,0.0,2024,11,330
2024-11-26,0,0,0,0,0,0,8,0,0,0,1,0,0,1,2,0,0,11.0,0.0,1.0,0.0,2024,11,331
2024-11-27,0,1,1,0,0,0,0,0,0,0,8,0,0,0,1,0,0,9.0,0.0,0.0,0.0,2024,11,332
2024-11-28,0,0,0,0,0,1,1,0,0,0,0,0,0,0,8,0,0,9.0,0.0,1.0,0.0,2024,11,333
2024-11-29,0,0,0,0,0,0,0,0,0,1,1,0,0,0,0,0,0,1.0,0.0,1.0,0.0,2024,11,334
2024-11-30,0,0,0,0,0,0,0,0,0,0,0,0,0,1,1,0,0,1.0,0.0,1.0,0.0,2024,11,335
2024-12-01,0,0,0,0,0,0,0,0,0,0,0,0,0,0,0,0,0,0.0,0.0,0.0,0.0,2024,12,336
2024-12-02,0,0,0,0,0,0,0,0,0,0,0,0,0,0,0,0,0,0.0,0.0,0.0,0.0,2024,12,337
2024-12-03,0,0,0,0,0,0,0,0,0,0,0,0,0,0,0,0,0,0.0,0.0,0.0,0.0,2024,12,338
2024-12-04,0,0,3,0,0,0,0,0,0,0,0,0,0,0,0,0,0,0.0,0.0,0.0,0.0,2024,12,339
2024-12-05,0,0,3,0,0,0,3,0,0,0,0,0,0,0,0,0,0,3.0,0.0,0.0,0.0,2024,12,340
2024-12-06,0,0,1,0,0,0,3,0,0,0,3,0,0,0,0,0,0,6.0,0.0,0.0,0.0,2024,12,341
2024-12-07,0,0,2,0,0,0,1,0,0,0,3,0,0,0,3,0,0,7.0,0.0,0.0,0.0,2024,12,342
2024-12-08,0,0,1,1,1,0,2,0,0,0,1,0,0,0,3,0,0,6.0,0.0,0.0,0.0,2024,12,343
2024-12-09,0,0,0,0,0,0,1,1,1,0,2,0,0,0,1,0,0,4.0,1.0,0.0,1.0,2024,12,344
2024-12-10,0,2,4,0,0,0,0,0,0,0,1,1,1,0,2,0,0,3.0,1.0,0.0,1.0,2024,12,345
2024-12-11,0,1,3,0,0,2,4,0,0,0,0,0,0,0,1,1,1,5.0,1.0,2.0,1.0,2024,12,346
2024-12-12,0,0,2,0,0,1,3,0,0,2,4,0,0,0,0,0,0,7.0,0.0,3.0,0.0,2024,12,347
2024-12-13,0,1,3,0,0,0,2,0,0,1,3,0,0,2,4,0,0,9.0,0.0,3.0,0.0,2024,12,348
2024-12-14,0,1,0,0,0,1,3,0,0,0,2,0,0,1,3,0,0,8.0,0.0,2.0,0.0,2024,12,349
2024-12-15,0,1,1,0,1,1,0,0,0,1,3,0,0,0,2,0,0,5.0,0.0,2.0,0.0,2024,12,350
2024-12-16,0,0,0,0,0,1,1,0,1,1,0,0,0,1,3,0,0,4.0,0.0,3.0,1.0,2024,12,351
2024-12-17,0,0,0,0,0,0,0,0,0,1,1,0,1,1,0,0,0,1.0,0.0,2.0,1.0,2024,12,352
2024-12-18,0,0,0,0,0,0,0,0,0,0,0,0,0,1,1,0,1,1.0,0.0,1.0,1.0,2024,12,353
2024-12-19,0,0,3,0,0,0,0,0,0,0,0,0,0,0,0,0,0,0.0,0.0,0.0,0.0,2024,12,354
2024-12-20,0,1,2,0,0,0,3,0,0,0,0,0,0,0,0,0,0,3.0,0.0,0.0,0.0,2024,12,355
2024-12-21,0,1,1,0,2,1,2,0,0,0,3,0,0,0,0,0,0,5.0,0.0,1.0,0.0,2024,12,356
2024-12-22,0,0,3,0,0,1,1,0,2,1,2,0,0,0,3,0,0,6.0,0.0,2.0,2.0,2024,12,357
2024-12-23,0,0,3,0,0,0,3,0,0,1,1,0,2,1,2,0,0,6.0,0.0,2.0,2.0,2024,12,358
2024-12-24,0,0,8,0,0,0,3,0,0,0,3,0,0,1,1,0,2,7.0,0.0,1.0,2.0,2024,12,359
2024-12-25,0,0,3,0,0,0,8,0,0,0,3,0,0,0,3,0,0,14.0,0.0,0.0,0.0,2024,12,360
2024-12-26,0,1,1,0,0,0,3,0,0,0,8,0,0,0,3,0,0,14.0,0.0,0.0,0.0,2024,12,361
2024-12-27,0,0,2,0,0,1,1,0,0,0,3,0,0,0,8,0,0,12.0,0.0,1.0,0.0,2024,12,362
2024-12-28,0,0,3,0,0,0,2,0,0,1,1,0,0,0,3,0,0,6.0,0.0,1.0,0.0,2024,12,363
2024-12-29,0,0,21,1,0,0,3,0,0,0,2,0,0,1,1,0,0,6.0,0.0,1.0,0.0,2024,12,364
2024-12-30,0,0,14,2,0,0,21,1,0,0,3,0,0,0,2,0,0,26.0,1.0,0.0,0.0,2024,12,365
2024-12-31,0,0,4,0,0,0,14,2,0,0,21,1,0,0,3,0,0,38.0,3.0,0.0,0.0,2024,12,366
2025-01-01,1,0,4,0,0,0,4,0,0,0,14,2,0,0,21,1,0,39.0,3.0,0.0,0.0,2025,1,1
2025-01-02,0,0,1,0,0,0,4,0,0,0,4,0,0,0,14,2,0,22.0,2.0,0.0,0.0,2025,1,2
2025-01-03,0,0,3,2,0,0,1,0,0,0,4,0,0,0,4,0,0,9.0,0.0,0.0,0.0,2025,1,3
2025-01-04,0,2,4,1,1,0,3,2,0,0,1,0,0,0,4,0,0,8.0,2.0,0.0,0.0,2025,1,4
2025-01-05,0,0,4,0,0,2,4,1,1,0,3,2,0,0,1,0,0,8.0,3.0,2.0,1.0,2025,1,5
2025-01-06,0,1,3,0,0,0,4,0,0,2,4,1,1,0,3,2,0,11.0,3.0,2.0,1.0,2025,1,6
2025-01-07,0,1,1,0,0,1,3,0,0,0,4,0,0,2,4,1,1,11.0,1.0,3.0,1.0,2025,1,7
2025-01-08,0,0,0,0,0,1,1,0,0,1,3,0,0,0,4,0,0,8.0,0.0,2.0,0.0,2025,1,8
2025-01-09,0,0,1,0,1,0,0,0,0,1,1,0,0,1,3,0,0,4.0,0.0,2.0,0.0,2025,1,9
2025-01-10,0,1,0,0,0,0,1,0,1,0,0,0,0,1,1,0,0,2.0,0.0,1.0,1.0,2025,1,10
2025-01-11,0,1,0,0,0,1,0,0,0,0,1,0,1,0,0,0,0,1.0,0.0,1.0,1.0,2025,1,11
2025-01-12,0,0,0,0,0,1,0,0,0,1,0,0,0,0,1,0,1,1.0,0.0,2.0,1.0,2025,1,12
2025-01-13,0,0,0,0,1,0,0,0,0,1,0,0,0,1,0,0,0,0.0,0.0,2.0,0.0,2025,1,13
2025-01-14,0,0,0,0,1,0,0,0,1,0,0,0,0,1,0,0,0,0.0,0.0,1.0,1.0,2025,1,14
2025-01-15,0,0,0,0,0,0,0,0,1,0,0,0,1,0,0,0,0,0.0,0.0,0.0,2.0,2025,1,15
2025-01-16,0,0,0,0,1,0,0,0,0,0,0,0,1,0,0,0,1,0.0,0.0,0.0,2.0,2025,1,16
2025-01-17,0,0,9,0,1,0,0,0,1,0,0,0,0,0,0,0,1,0.0,0.0,0.0,2.0,2025,1,17
2025-01-18,0,0,2,0,0,0,9,0,1,0,0,0,1,0,0,0,0,9.0,0.0,0.0,2.0,2025,1,18
2025-01-19,0,0,1,0,2,0,2,0,0,0,9,0,1,0,0,0,1,11.0,0.0,0.0,2.0,2025,1,19
2025-01-20,0,0,0,0,0,0,1,0,2,0,2,0,0,0,9,0,1,12.0,0.0,0.0,3.0,2025,1,20
2025-01-21,0,0,1,0,0,0,0,0,0,0,1,0,2,0,2,0,0,3.0,0.0,0.0,2.0,2025,1,21
2025-01-22,0,0,1,0,0,0,1,0,0,0,0,0,0,0,1,0,2,2.0,0.0,0.0,2.0,2025,1,22
2025-01-23,0,0,0,0,0,0,1,0,0,0,1,0,0,0,0,0,0,2.0,0.0,0.0,0.0,2025,1,23
2025-01-24,0,1,1,0,0,0,0,0,0,0,1,0,0,0,1,0,0,2.0,0.0,0.0,0.0,2025,1,24
2025-01-25,0,3,0,0,0,1,1,0,0,0,0,0,0,0,1,0,0,2.0,0.0,1.0,0.0,2025,1,25
2025-01-26,0,0,0,0,0,3,0,0,0,1,1,0,0,0,0,0,0,1.0,0.0,4.0,0.0,2025,1,26
2025-01-27,0,0,1,0,0,0,0,0,0,3,0,0,0,1,1,0,0,1.0,0.0,4.0,0.0,2025,1,27
2025-01-28,0,0,1,0,0,0,1,0,0,0,0,0,0,3,0,0,0,1.0,0.0,3.0,0.0,2025,1,28
2025-01-29,0,0,1,0,0,0,1,0,0,0,1,0,0,0,0,0,0,2.0,0.0,0.0,0.0,2025,1,29
2025-01-30,0,0,0,0,0,0,1,0,0,0,1,0,0,0,1,0,0,3.0,0.0,0.0,0.0,2025,1,30
2025-01-31,0,0,3,0,1,0,0,0,0,0,1,0,0,0,1,0,0,2.0,0.0,0.0,0.0,2025,1,31
2025-02-01,0,0,1,0,0,0,3,0,1,0,0,0,0,0,1,0,0,4.0,0.0,0.0,1.0,2025,2,32
2025-02-02,0,0,6,0,0,0,1,0,0,0,3,0,1,0,0,0,0,4.0,0.0,0.0,1.0,2025,2,33
2025-02-03,0,0,10,0,1,0,6,0,0,0,1,0,0,0,3,0,1,10.0,0.0,0.0,1.0,2025,2,34
2025-02-04,0,0,7,0,0,0,10,0,1,0,6,0,0,0,1,0,0,17.0,0.0,0.0,1.0,2025,2,35
2025-02-05,0,0,2,0,0,0,7,0,0,0,10,0,1,0,6,0,0,23.0,0.0,0.0,1.0,2025,2,36
2025-02-06,0,0,2,0,1,0,2,0,0,0,7,0,0,0,10,0,1,19.0,0.0,0.0,1.0,2025,2,37
2025-02-07,0,0,5,0,0,0,2,0,1,0,2,0,0,0,7,0,0,11.0,0.0,0.0,1.0,2025,2,38
2025-02-08,0,0,1,0,0,0,5,0,0,0,2,0,1,0,2,0,0,9.0,0.0,0.0,1.0,2025,2,39
2025-02-09,0,0,0,0,1,0,1,0,0,0,5,0,0,0,2,0,1,8.0,0.0,0.0,1.0,2025,2,40
2025-02-10,0,0,1,0,0,0,0,0,1,0,1,0,0,0,5,0,0,6.0,0.0,0.0,1.0,2025,2,41
2025-02-11,0,1,1,0,0,0,1,0,0,0,0,0,1,0,1,0,0,2.0,0.0,0.0,1.0,2025,2,42
2025-02-12,0,0,0,0,1,1,1,0,0,0,1,0,0,0,0,0,1,2.0,0.0,1.0,1.0,2025,2,43
2025-02-13,0,0,1,0,1,0,0,0,1,1,1,0,0,0,1,0,0,2.0,0.0,1.0,1.0,2025,2,44
2025-02-14,0,1,3,0,0,0,1,0,1,0,0,0,1,1,1,0,0,2.0,0.0,1.0,2.0,2025,2,45
2025-02-15,0,2,0,0,0,1,3,0,0,0,1,0,1,0,0,0,1,4.0,0.0,1.0,2.0,2025,2,46
2025-02-16,0,0,0,0,0,2,0,0,0,1,3,0,0,0,1,0,1,4.0,0.0,3.0,1.0,2025,2,47
2025-02-17,0,0,1,0,0,0,0,0,0,2,0,0,0,1,3,0,0,3.0,0.0,3.0,0.0,2025,2,48
2025-02-18,0,0,0,0,1,0,1,0,0,0,0,0,0,2,0,0,0,1.0,0.0,2.0,0.0,2025,2,49
2025-02-19,0,1,0,0,0,0,0,0,1,0,1,0,0,0,0,0,0,1.0,0.0,0.0,1.0,2025,2,50
2025-02-20,0,0,0,0,0,1,0,0,0,0,0,0,1,0,1,0,0,1.0,0.0,1.0,1.0,2025,2,51
2025-02-21,0,0,2,0,0,0,0,0,0,1,0,0,0,0,0,0,1,0.0,0.0,1.0,1.0,2025,2,52
2025-02-22,0,1,0,0,0,0,2,0,0,0,0,0,0,1,0,0,0,2.0,0.0,1.0,0.0,2025,2,53
2025-02-23,0,0,4,1,0,1,0,0,0,0,2,0,0,0,0,0,0,2.0,0.0,1.0,0.0,2025,2,54
2025-02-24,0,0,4,0,0,0,4,1,0,1,0,0,0,0,2,0,0,6.0,1.0,1.0,0.0,2025,2,55
2025-02-25,0,0,2,0,0,0,4,0,0,0,4,1,0,1,0,0,0,8.0,1.0,1.0,0.0,2025,2,56
2025-02-26,0,1,0,0,1,0,2,0,0,0,4,0,0,0,4,1,0,10.0,1.0,0.0,0.0,2025,2,57
2025-02-27,1,0,0,0,0,1,0,0,1,0,2,0,0,0,4,0,0,6.0,0.0,1.0,1.0,2025,2,58
2025-02-28,0,1,0,0,0,0,0,0,0,1,0,0,1,0,2,0,0,2.0,0.0,1.0,1.0,2025,2,59
2025-03-01,0,1,0,0,1,1,0,0,0,0,0,0,0,1,0,0,1,0.0,0.0,2.0,1.0,2025,3,60
2025-03-02,0,3,0,0,0,1,0,0,1,1,0,0,0,0,0,0,0,0.0,0.0,2.0,1.0,2025,3,61
2025-03-03,0,0,0,0,0,3,0,0,0,1,0,0,1,1,0,0,0,0.0,0.0,5.0,1.0,2025,3,62
2025-03-04,0,0,0,0,0,0,0,0,0,3,0,0,0,1,0,0,1,0.0,0.0,4.0,1.0,2025,3,63
2025-03-05,0,0,1,0,0,0,0,0,0,0,0,0,0,3,0,0,0,0.0,0.0,3.0,0.0,2025,3,64
2025-03-06,0,0,0,0,0,0,1,0,0,0,0,0,0,0,0,0,0,1.0,0.0,0.0,0.0,2025,3,65
2025-03-07,0,0,1,0,0,0,0,0,0,0,1,0,0,0,0,0,0,1.0,0.0,0.0,0.0,2025,3,66
2025-03-08,0,0,0,0,1,0,1,0,0,0,0,0,0,0,1,0,0,2.0,0.0,0.0,0.0,2025,3,67
2025-03-09,1,0,0,0,0,0,0,0,1,0,1,0,0,0,0,0,0,1.0,0.0,0.0,1.0,2025,3,68
2025-03-10,0,0,0,0,1,0,0,0,0,0,0,0,1,0,1,0,0,1.0,0.0,0.0,1.0,2025,3,69
2025-03-11,0,1,1,0,0,0,0,0,1,0,0,0,0,0,0,0,1,0.0,0.0,0.0,2.0,2025,3,70
2025-03-12,0,0,0,0,1,1,1,0,0,0,0,0,1,0,0,0,0,1.0,0.0,1.0,1.0,2025,3,71
2025-03-13,0,0,0,0,0,0,0,0,1,1,1,0,0,0,0,0,1,1.0,0.0,1.0,2.0,2025,3,72
2025-03-14,1,0,1,0,0,0,0,0,0,0,0,0,1,1,1,0,0,1.0,0.0,1.0,1.0,2025,3,73
2025-03-15,0,0,0,0,1,0,1,0,0,0,0,0,0,0,0,0,1,1.0,0.0,0.0,1.0,2025,3,74
2025-03-16,0,0,0,0,0,0,0,0,1,0,1,0,0,0,0,0,0,1.0,0.0,0.0,1.0,2025,3,75
2025-03-17,0,1,1,0,0,0,0,0,0,0,0,0,1,0,1,0,0,1.0,0.0,0.0,1.0,2025,3,76
2025-03-18,0,0,0,0,0,1,1,0,0,0,0,0,0,0,0,0,1,1.0,0.0,1.0,1.0,2025,3,77
2025-03-19,0,1,1,0,1,0,0,0,0,1,1,0,0,0,0,0,0,1.0,0.0,1.0,0.0,2025,3,78
2025-03-20,0,1,0,0,0,1,1,0,1,0,0,0,0,1,1,0,0,2.0,0.0,2.0,1.0,2025,3,79
2025-03-21,0,0,1,0,1,1,0,0,0,1,1,0,1,0,0,0,0,1.0,0.0,2.0,1.0,2025,3,80
2025-03-22,1,0,0,0,0,0,1,0,1,1,0,0,0,1,1,0,1,2.0,0.0,2.0,2.0,2025,3,81
2025-03-23,0,0,0,0,0,0,0,0,0,0,1,0,1,1,0,0,0,1.0,0.0,1.0,1.0,2025,3,82
2025-03-24,0,0,0,0,0,0,0,0,0,0,0,0,0,0,1,0,1,1.0,0.0,0.0,1.0,2025,3,83
2025-03-25,0,2,0,0,0,0,0,0,0,0,0,0,0,0,0,0,0,0.0,0.0,0.0,0.0,2025,3,84
2025-03-26,1,1,1,0,1,2,0,0,0,0,0,0,0,0,0,0,0,0.0,0.0,2.0,0.0,2025,3,85
2025-03-27,0,1,1,0,0,1,1,0,1,2,0,0,0,0,0,0,0,1.0,0.0,3.0,1.0,2025,3,86
2025-03-28,0,0,3,1,1,1,1,0,0,1,1,0,1,2,0,0,0,2.0,0.0,4.0,1.0,2025,3,87
2025-03-29,0,0,2,0,0,0,3,1,1,1,1,0,0,1,1,0,1,5.0,1.0,2.0,2.0,2025,3,88
2025-03-30,0,1,6,0,0,0,2,0,0,0,3,1,1,1,1,0,0,6.0,1.0,1.0,1.0,2025,3,89
2025-03-31,0,0,1,0,0,1,6,0,0,0,2,0,0,0,3,1,1,11.0,1.0,1.0,1.0,2025,3,90
2025-04-01,0,0,2,0,0,0,1,0,0,1,6,0,0,0,2,0,0,9.0,0.0,1.0,0.0,2025,4,91
2025-04-02,0,0,0,0,0,0,2,0,0,0,1,0,0,1,6,0,0,9.0,0.0,1.0,0.0,2025,4,92
2025-04-03,0,0,0,0,1,0,0,0,0,0,2,0,0,0,1,0,0,3.0,0.0,0.0,0.0,2025,4,93
2025-04-04,0,1,0,0,0,0,0,0,1,0,0,0,0,0,2,0,0,2.0,0.0,0.0,1.0,2025,4,94
2025-04-05,1,0,1,0,0,1,0,0,0,0,0,0,1,0,0,0,0,0.0,0.0,1.0,1.0,2025,4,95
2025-04-06,0,0,0,0,0,0,1,0,0,1,0,0,0,0,0,0,1,1.0,0.0,1.0,1.0,2025,4,96
2025-04-07,0,0,0,0,1,0,0,0,0,0,1,0,0,1,0,0,0,1.0,0.0,1.0,0.0,2025,4,97
2025-04-08,0,1,1,0,1,0,0,0,1,0,0,0,0,0,1,0,0,1.0,0.0,0.0,1.0,2025,4,98
2025-04-09,0,0,0,0,0,1,1,0,1,0,0,0,1,0,0,0,0,1.0,0.0,1.0,2.0,2025,4,99
2025-04-10,0,0,0,0,0,0,0,0,0,1,1,0,1,0,0,0,1,1.0,0.0,1.0,2.0,2025,4,100
2025-04-11,0,0,2,0,0,0,0,0,0,0,0,0,0,1,1,0,1,1.0,0.0,1.0,1.0,2025,4,101
2025-04-12,0,0,9,0,1,0,2,0,0,0,0,0,0,0,0,0,0,2.0,0.0,0.0,0.0,2025,4,102
2025-04-13,0,0,10,0,0,0,9,0,1,0,2,0,0,0,0,0,0,11.0,0.0,0.0,1.0,2025,4,103
2025-04-14,0,0,2,0,0,0,10,0,0,0,9,0,1,0,2,0,0,21.0,0.0,0.0,1.0,2025,4,104
2025-04-15,1,0,2,0,0,0,2,0,0,0,10,0,0,0,9,0,1,21.0,0.0,0.0,1.0,2025,4,105
2025-04-16,0,0,0,0,0,0,2,0,0,0,2,0,0,0,10,0,0,14.0,0.0,0.0,0.0,2025,4,106
2025-04-17,0,0,0,0,0,0,0,0,0,0,2,0,0,0,2,0,0,4.0,0.0,0.0,0.0,2025,4,107
2025-04-18,0,0,1,0,0,0,0,0,0,0,0,0,0,0,2,0,0,2.0,0.0,0.0,0.0,2025,4,108
2025-04-19,0,0,0,0,0,0,1,0,0,0,0,0,0,0,0,0,0,1.0,0.0,0.0,0.0,2025,4,109
2025-04-20,0,0,1,0,0,0,0,0,0,0,1,0,0,0,0,0,0,1.0,0.0,0.0,0.0,2025,4,110
2025-04-21,0,0,1,0,1,0,1,0,0,0,0,0,0,0,1,0,0,2.0,0.0,0.0,0.0,2025,4,111
2025-04-22,0,0,1,0,0,0,1,0,1,0,1,0,0,0,0,0,0,2.0,0.0,0.0,1.0,2025,4,112
2025-04-23,0,0,0,0,1,0,1,0,0,0,1,0,1,0,1,0,0,3.0,0.0,0.0,1.0,2025,4,113
2025-04-24,0,0,0,0,0,0,0,0,1,0,1,0,0,0,1,0,1,2.0,0.0,0.0,2.0,2025,4,114
2025-04-25,0,0,0,0,0,0,0,0,0,0,0,0,1,0,1,0,0,1.0,0.0,0.0,1.0,2025,4,115
2025-04-26,0,0,0,0,0,0,0,0,0,0,0,0,0,0,0,0,1,0.0,0.0,0.0,1.0,2025,4,116
2025-04-27,0,0,0,0,0,0,0,0,0,0,0,0,0,0,0,0,0,0.0,0.0,0.0,0.0,2025,4,117
2025-04-28,0,0,0,0,0,0,0,0,0,0,0,0,0,0,0,0,0,0.0,0.0,0.0,0.0,2025,4,118
2025-04-29,0,1,3,0,0,0,0,0,0,0,0,0,0,0,0,0,0,0.0,0.0,0.0,0.0,2025,4,119
2025-04-30,0,0,1,0,0,1,3,0,0,0,0,0,0,0,0,0,0,3.0,0.0,1.0,0.0,2025,4,120
2025-05-01,0,0,0,0,1,0,1,0,0,1,3,0,0,0,0,0,0,4.0,0.0,1.0,0.0,2025,5,121
2025-05-02,0,0,0,0,0,0,0,0,1,0,1,0,0,1,3,0,0,4.0,0.0,1.0,1.0,2025,5,122
2025-05-03,0,0,0,0,0,0,0,0,0,0,0,0,1,0,1,0,0,1.0,0.0,0.0,1.0,2025,5,123
2025-05-04,0,1,0,0,1,0,0,0,0,0,0,0,0,0,0,0,1,0.0,0.0,0.0,1.0,2025,5,124
2025-05-05,0,0,0,0,1,1,0,0,1,0,0,0,0,0,0,0,0,0.0,0.0,1.0,1.0,2025,5,125
2025-05-06,0,0,0,0,0,0,0,0,1,1,0,0,1,0,0,0,0,0.0,0.0,1.0,2.0,2025,5,126
2025-05-07,0,0,0,0,0,0,0,0,0,0,0,0,1,1,0,0,1,0.0,0.0,1.0,2.0,2025,5,127
2025-05-08,0,2,0,0,0,0,0,0,0,0,0,0,0,0,0,0,1,0.0,0.0,0.0,1.0,2025,5,128
2025-05-09,0,0,0,0,1,2,0,0,0,0,0,0,0,0,0,0,0,0.0,0.0,2.0,0.0,2025,5,129
2025-05-10,0,0,0,0,0,0,0,0,1,2,0,0,0,0,0,0,0,0.0,0.0,2.0,1.0,2025,5,130
2025-05-11,0,0,1,0,0,0,0,0,0,0,0,0,1,2,0,0,0,0.0,0.0,2.0,1.0,2025,5,131
2025-05-12,0,0,0,0,0,0,1,0,0,0,0,0,0,0,0,0,1,1.0,0.0,0.0,1.0,2025,5,132
2025-05-13,0,0,0,1,0,0,0,0,0,0,1,0,0,0,0,0,0,1.0,0.0,0.0,0.0,2025,5,133
2025-05-14,0,0,4,1,1,0,0,1,0,0,0,0,0,0,1,0,0,1.0,1.0,0.0,0.0,2025,5,134
2025-05-15,0,0,1,0,0,0,4,1,1,0,0,1,0,0,0,0,0,4.0,2.0,0.0,1.0,2025,5,135
2025-05-16,0,0,0,0,0,0,1,0,0,0,4,1,1,0,0,1,0,5.0,2.0,0.0,1.0,2025,5,136
2025-05-17,1,0,0,0,1,0,0,0,0,0,1,0,0,0,4,1,1,5.0,1.0,0.0,1.0,2025,5,137
2025-05-18,0,0,0,0,0,0,0,0,1,0,0,0,0,0,1,0,0,1.0,0.0,0.0,1.0,2025,5,138
2025-05-19,0,0,1,0,0,0,0,0,0,0,0,0,1,0,0,0,0,0.0,0.0,0.0,1.0,2025,5,139
2025-05-20,0,0,0,0,1,0,1,0,0,0,0,0,0,0,0,0,1,1.0,0.0,0.0,1.0,2025,5,140
2025-05-21,0,0,1,0,0,0,0,0,1,0,1,0,0,0,0,0,0,1.0,0.0,0.0,1.0,2025,5,141
2025-05-22,0,0,0,0,0,0,1,0,0,0,0,0,1,0,1,0,0,2.0,0.0,0.0,1.0,2025,5,142
2025-05-23,0,0,0,0,0,0,0,0,0,0,1,0,0,0,0,0,1,1.0,0.0,0.0,1.0,2025,5,143
2025-05-24,0,2,1,0,0,0,0,0,0,0,0,0,0,0,1,0,0,1.0,0.0,0.0,0.0,2025,5,144
2025-05-25,0,2,3,1,0,2,1,0,0,0,0,0,0,0,0,0,0,1.0,0.0,2.0,0.0,2025,5,145
2025-05-26,0,0,2,0,0,2,3,1,0,2,1,0,0,0,0,0,0,4.0,1.0,4.0,0.0,2025,5,146
2025-05-27,0,2,0,0,1,0,2,0,0,2,3,1,0,2,1,0,0,6.0,1.0,4.0,0.0,2025,5,147
2025-05-28,0,0,0,0,1,2,0,0,1,0,2,0,0,2,3,1,0,5.0,1.0,4.0,1.0,2025,5,148
2025-05-29,1,0,0,0,0,0,0,0,1,2,0,0,1,0,2,0,0,2.0,0.0,2.0,2.0,2025,5,149
2025-05-30,0,0,3,0,0,0,0,0,0,0,0,0,1,2,0,0,1,0.0,0.0,2.0,2.0,2025,5,150
2025-05-31,0,0,4,0,1,0,3,0,0,0,0,0,0,0,0,0,1,3.0,0.0,0.0,1.0,2025,5,151
2025-06-01,1,0,0,0,0,0,4,0,1,0,3,0,0,0,0,0,0,7.0,0.0,0.0,1.0,2025,6,152
2025-06-02,0,0,2,0,0,0,0,0,0,0,4,0,1,0,3,0,0,7.0,0.0,0.0,1.0,2025,6,153
2025-06-03,0,0,1,0,0,0,2,0,0,0,0,0,0,0,4,0,1,6.0,0.0,0.0,1.0,2025,6,154
2025-06-04,0,0,1,0,0,0,1,0,0,0,2,0,0,0,0,0,0,3.0,0.0,0.0,0.0,2025,6,155
2025-06-05,0,0,0,0,0,0,1,0,0,0,1,0,0,0,2,0,0,4.0,0.0,0.0,0.0,2025,6,156
2025-06-06,0,0,0,0,0,0,0,0,0,0,1,0,0,0,1,0,0,2.0,0.0,0.0,0.0,2025,6,157
2025-06-07,0,0,0,0,0,0,0,0,0,0,0,0,0,0,1,0,0,1.0,0.0,0.0,0.0,2025,6,158
2025-06-08,0,0,0,0,1,0,0,0,0,0,0,0,0,0,0,0,0,0.0,0.0,0.0,0.0,2025,6,159
2025-06-09,0,0,0,0,0,0,0,0,1,0,0,0,0,0,0,0,0,0.0,0.0,0.0,1.0,2025,6,160
2025-06-10,0,0,0,0,1,0,0,0,0,0,0,0,1,0,0,0,0,0.0,0.0,0.0,1.0,2025,6,161
2025-06-11,0,0,0,0,1,0,0,0,1,0,0,0,0,0,0,0,1,0.0,0.0,0.0,2.0,2025,6,162
2025-06-12,0,0,0,0,0,0,0,0,1,0,0,0,1,0,0,0,0,0.0,0.0,0.0,2.0,2025,6,163
2025-06-13,1,0,1,0,0,0,0,0,0,0,0,0,1,0,0,0,1,0.0,0.0,0.0,2.0,2025,6,164
2025-06-14,0,1,2,0,1,0,1,0,0,0,0,0,0,0,0,0,1,1.0,0.0,0.0,1.0,2025,6,165
2025-06-15,0,1,4,0,0,1,2,0,1,0,1,0,0,0,0,0,0,3.0,0.0,1.0,1.0,2025,6,166
2025-06-16,0,2,4,0,0,1,4,0,0,1,2,0,1,0,1,0,0,7.0,0.0,2.0,1.0,2025,6,167
2025-06-17,0,1,1,1,0,2,4,0,0,1,4,0,0,1,2,0,1,10.0,0.0,4.0,1.0,2025,6,168
2025-06-18,0,0,0,0,0,1,1,1,0,2,4,0,0,1,4,0,0,9.0,1.0,4.0,0.0,2025,6,169
2025-06-19,0,0,0,1,0,0,0,0,0,1,1,1,0,2,4,0,0,5.0,1.0,3.0,0.0,2025,6,170
2025-06-20,0,0,2,0,0,0,0,1,0,0,0,0,0,1,1,1,0,1.0,2.0,1.0,0.0,2025,6,171
2025-06-21,0,0,0,0,0,0,2,0,0,0,0,1,0,0,0,0,0,2.0,1.0,0.0,0.0,2025,6,172
2025-06-22,0,1,0,0,0,0,0,0,0,0,2,0,0,0,0,1,0,2.0,1.0,0.0,0.0,2025,6,173
2025-06-23,0,0,0,0,0,1,0,0,0,0,0,0,0,0,2,0,0,2.0,0.0,1.0,0.0,2025,6,174
2025-06-24,0,1,0,0,0,0,0,0,0,1,0,0,0,0,0,0,0,0.0,0.0,1.0,0.0,2025,6,175
2025-06-25,0,0,0,0,1,1,0,0,0,0,0,0,0,1,0,0,0,0.0,0.0,2.0,0.0,2025,6,176
2025-06-26,0,0,0,0,0,0,0,0,1,1,0,0,0,0,0,0,0,0.0,0.0,1.0,1.0,2025,6,177
2025-06-27,0,0,0,0,1,0,0,0,0,0,0,0,1,1,0,0,0,0.0,0.0,1.0,1.0,2025,6,178
2025-06-28,0,1,0,0,0,0,0,0,1,0,0,0,0,0,0,0,1,0.0,0.0,0.0,2.0,2025,6,179
2025-06-29,0,0,0,0,0,1,0,0,0,0,0,0,1,0,0,0,0,0.0,0.0,1.0,1.0,2025,6,180
2025-06-30,0,0,0,0,0,0,0,0,0,1,0,0,0,0,0,0,1,0.0,0.0,1.0,1.0,2025,6,181
2025-07-01,0,0,0,0,0,0,0,0,0,0,0,0,0,1,0,0,0,0.0,0.0,1.0,0.0,2025,7,182
2025-07-02,0,0,0,0,0,0,0,0,0,0,0,0,0,0,0,0,0,0.0,0.0,0.0,0.0,2025,7,183
2025-07-03,0,0,0,0,0,0,0,0,0,0,0,0,0,0,0,0,0,0.0,0.0,0.0,0.0,2025,7,184
2025-07-04,0,0,0,0,0,0,0,0,0,0,0,0,0,0,0,0,0,0.0,0.0,0.0,0.0,2025,7,185
2025-07-05,0,0,0,0,1,0,0,0,0,0,0,0,0,0,0,0,0,0.0,0.0,0.0,0.0,2025,7,186
2025-07-06,0,0,0,0,0,0,0,0,1,0,0,0,0,0,0,0,0,0.0,0.0,0.0,1.0,2025,7,187
2025-07-07,0,0,0,0,0,0,0,0,0,0,0,0,1,0,0,0,0,0.0,0.0,0.0,1.0,2025,7,188
2025-07-08,0,0,1,0,0,0,0,0,0,0,0,0,0,0,0,0,1,0.0,0.0,0.0,1.0,2025,7,189
2025-07-09,0,0,1,0,0,0,1,0,0,0,0,0,0,0,0,0,0,1.0,0.0,0.0,0.0,2025,7,190
